Sample,Plate,Well,Row,Col,Egg lay (EL),Egg lay period,Egg transfer (ET),Infection (Inf),Infection end,Days of infection,Inf - Egg lay,No. vials,Yeast,Cage,Total collected,3 cM,27 cM,Genotype,Plate Label,7 cM,10 cM,12 cM,17 cM,Tm1,Wasp 1,8 cM,11 cM
53,1,E7,E,7,27-Jan,Overnight,27-Jan,29-Jan,31/01/2019,2,2,70,"Plastic, no yeast",1,89,H,S,HS,1_E7,H,S,S,S,75.16786957,N,S,NA
156,2,D8,D,8,29-Jan,Overnight,29-Jan,01-Feb,04/02/2019,3,3,25,"Plastic, no yeast",1,13,H,S,HS,2_D8,H,S,S,S,82.17243958,N,S,NA
532,6,D7,D,7,05-Feb,Overnight,05-Feb,07-Feb,08/02/2019,1,2,27,"Plastic, no yeast",1,24,H,S,HS,6_D7,H,S,S,S,74.55289459,N,H,NA
566,6,F11,F,11,06-Feb,Overnight,06-Feb,08-Feb,10/02/2019,2,2,37,"Plastic, no yeast",1,30,H,S,HS,6_F11,H,S,S,S,74.40376282,N,S,NA
S280,S3,SH11,H,11,NA,NA,NA,20-Nov,NA,NA,NA,NA,NA,NA,NA,S,H,SH,S3_H11,S,H,H,NA,78.13052368,Y,H,NA
152,2,H7,H,7,29-Jan,Overnight,29-Jan,01-Feb,04/02/2019,3,3,25,"Plastic, no yeast",1,13,S,H,SH,2_H7,S,H,H,H,78.27960205,Y,S,NA
193,3,A1,A,1,29-Jan,Day,30-Jan,01-Feb,04/02/2019,3,3,10,"Plastic, no yeast",1,17,S,H,SH,3_A1,S,H,H,H,74.55285645,N,H,NA
399,5,G2,G,2,01-Feb,Overnight,01-Feb,04-Feb,05/02/2019,1,3,53,"Plastic, no yeast",1,116,S,H,SH,5_G2,S,H,H,H,78.2804718,Y,H,NA
469,5,E11,E,11,02-Feb,Overnight,02-Feb,05-Feb,06/02/2019,1,3,55,"Plastic, no yeast",1,84,S,H,SH,5_E11,S,H,H,H,78.57868195,Y,H,NA
539,6,C8,C,8,06-Feb,Overnight,06-Feb,08-Feb,10/02/2019,2,2,37,"Plastic, no yeast",1,30,S,H,SH,6_C8,S,H,H,H,78.28469849,Y,S,NA
558,6,F10,F,10,06-Feb,Overnight,06-Feb,08-Feb,10/02/2019,2,2,37,"Plastic, no yeast",1,30,S,H,SH,6_F10,S,H,H,H,80.96890259,N,S,NA
582,7,F1,F,1,08-Feb,Overnight,08-Feb,11-Feb,12/02/2019,1,3,35,"Plastic, no yeast",1,16,S,H,SH,7_F1,S,H,H,H,78.28469849,Y,NA,NA
597,7,E3,E,3,12-Feb,24 hours,12-Feb,14-Feb,15/02/2019,1,2,20,"Plastic, no yeast",2,74,S,H,SH,7_E3,S,H,H,H,77.9864502,Y,H,NA
627,7,C7,C,7,12-Feb,24 hours,12-Feb,14-Feb,15/02/2019,1,2,20,"Plastic, no yeast",2,74,S,H,SH,7_C7,S,H,H,H,74.70576477,N,S,NA
648,7,H9,H,9,12-Feb,24 hours,12-Feb,14-Feb,15/02/2019,1,2,20,"Plastic, no yeast",2,74,S,H,SH,7_H9,S,H,H,H,78.28469849,Y,S,NA
1324,14,D10,D,10,17-Feb,24 hours,17-Feb,20-Feb,21-Feb,1,3,62,"Plastic, no yeast",2,328,H,S,HS,14_D10,H,S,S,S,81.57221985,N,S,NA
1147,12,C12,C,12,15-Feb,24 hours,15-Feb,17-Feb,18-Feb,1,2,22,"Plastic, no yeast",2,36,S,H,SH,12_C12,S,H,H,H,77.99551392,Y,NA,NA
1191,13,G5,G,5,15-Feb,24 hours,15-Feb,18-Feb,19-Feb,1,3,19,"Plastic, no yeast",2,55,S,H,SH,13_G5,S,H,H,H,80.08187866,N,S,NA
1219,13,C9,C,9,15-Feb,24 hours,15-Feb,18-Feb,19-Feb,1,3,19,"Plastic, no yeast",2,55,S,H,SH,13_C9,S,H,H,NA,74.56790924,N,S,NA
1397,15,E7,E,7,17-Feb,24 hours,17-Feb,20-Feb,21-Feb,1,3,62,"Plastic, no yeast",2,328,S,H,SH,15_E7,S,H,H,H,77.99319458,Y,S,NA
1536,16,H12,H,12,17-Feb,24 hours,17-Feb,20-Feb,21-Feb,1,3,62,"Plastic, no yeast",2,328,S,H,SH,16_H12,S,H,H,H,78.14218903,Y,H,NA
1595,17,C8,C,8,18-Feb,24 hours,18-Feb,21-Feb,21-Feb,1,3,62,"Plastic, no yeast",2,161,S,H,SH,17_C8,S,H,H,H,77.69519806,Y,S,NA
1671,18,G5,G,5,18-Feb,24 hours,18-Feb,21-Feb,21-Feb,1,3,62,"Plastic, no yeast",2,161,S,H,SH,18_G5,S,H,H,H,80.83183289,N,NA,NA
1858,20,B5,B,5,19-Feb,24 hours,19-Feb,22-Feb,25-Feb,3,3,35,"Plastic, no yeast",2,147,S,H,SH,20_B5,S,H,H,H,80.53387451,N,NA,NA
S16,S1,SH2,H,2,NA,NA,NA,11-Nov,NA,NA,NA,NA,NA,NA,NA,H,S,HS,S1_H2,H,H,S,S,78.29777527,Y,NA,H
15,1,G2,G,2,25-Jan,Overnight,25-Jan,28-Jan,29/01/2019,1,3,10,"Plastic, no yeast",1,15,H,S,HS,1_G2,H,H,S,S,80.82924652,N,NA,H
18,1,B3,B,3,27-Jan,Overnight,27-Jan,29-Jan,31/01/2019,2,2,70,"Plastic, no yeast",1,89,H,S,HS,1_B3,H,H,S,S,81.12721252,N,NA,H
34,1,B5,B,5,27-Jan,Overnight,27-Jan,29-Jan,31/01/2019,2,2,70,"Plastic, no yeast",1,89,H,S,HS,1_B5,H,H,S,S,81.87213135,N,NA,S
50,1,B7,B,7,27-Jan,Overnight,27-Jan,29-Jan,31/01/2019,2,2,70,"Plastic, no yeast",1,89,H,S,HS,1_B7,H,H,S,S,78.44551086,Y,NA,H
410,5,B4,B,4,01-Feb,Overnight,01-Feb,04-Feb,05/02/2019,1,3,53,"Plastic, no yeast",1,116,H,S,HS,5_B4,H,H,S,S,78.14785767,Y,NA,S
415,5,G4,G,4,02-Feb,Overnight,02-Feb,05-Feb,06/02/2019,1,3,55,"Plastic, no yeast",1,84,H,S,HS,5_G4,H,H,S,S,78.4458313,Y,NA,H
438,5,F7,F,7,02-Feb,Overnight,02-Feb,05-Feb,06/02/2019,1,3,55,"Plastic, no yeast",1,84,H,S,HS,5_F7,H,H,S,S,78.29684448,Y,NA,H
637,7,E8,E,8,12-Feb,24 hours,12-Feb,14-Feb,15/02/2019,1,2,20,"Plastic, no yeast",2,74,H,S,HS,7_E8,H,H,S,S,78.43510437,Y,NA,H
708,8,D5,D,5,12-Feb,24 hours,12-Jan,14-Jan,15/02/2019,1,2,19,Glass with yeast,2,84,H,S,HS,8_D5,H,H,S,S,77.98782349,Y,NA,S
151,2,G7,G,7,29-Jan,Overnight,29-Jan,01-Feb,04/02/2019,3,3,25,"Plastic, no yeast",1,13,S,H,SH,2_G7,S,S,H,H,74.70172119,N,NA,H
165,2,E9,E,9,30-Jan,Overnight,30-Jan,01-Feb,04/02/2019,3,2,30,"Plastic, no yeast",1,25,S,H,SH,2_E9,S,S,H,H,74.40374756,N,NA,H
219,3,C4,C,4,30-Jan,Day,31-Jan,03-Feb,04/02/2019,1,4,15,"Plastic, no yeast",1,35,S,H,SH,3_C4,S,S,H,H,74.2546463,N,NA,H
327,4,G5,G,5,01-Feb,Overnight,01-Feb,04-Feb,05/02/2019,1,3,53,"Plastic, no yeast",1,116,S,H,SH,4_G5,S,S,H,H,78.42958069,Y,NA,S
646,7,F9,F,9,12-Feb,24 hours,12-Feb,14-Feb,15/02/2019,1,2,20,"Plastic, no yeast",2,74,S,H,SH,7_F9,S,S,H,H,76.94259644,N,NA,S
728,8,H7,H,7,12-Feb,24 hours,12-Jan,14-Jan,15/02/2019,1,2,19,Glass with yeast,2,84,S,H,SH,8_H7,S,S,H,H,73.80525208,N,NA,S
1303,14,G7,G,7,17-Feb,24 hours,17-Feb,20-Feb,21-Feb,1,3,62,"Plastic, no yeast",2,328,H,S,HS,14_G7,H,H,S,S,74.42054749,N,NA,S
1524,16,D11,D,11,17-Feb,24 hours,17-Feb,20-Feb,21-Feb,1,3,62,"Plastic, no yeast",2,328,H,S,HS,16_D11,H,H,S,S,81.71882629,N,NA,S
1715,18,C11,C,11,19-Feb,24 hours,19-Feb,22-Feb,25-Feb,3,3,35,"Plastic, no yeast",2,147,H,S,HS,18_C11,H,H,S,S,77.99655151,Y,NA,H
1138,12,B11,B,11,15-Feb,24 hours,15-Feb,17-Feb,18-Feb,1,2,22,"Plastic, no yeast",2,36,S,H,SH,12_B11,S,S,H,H,77.99551392,Y,NA,H
1340,14,D12,D,12,17-Feb,24 hours,17-Feb,20-Feb,21-Feb,1,3,62,"Plastic, no yeast",2,328,S,H,SH,14_D12,S,S,H,H,73.97026062,N,NA,S
1596,17,D8,D,8,18-Feb,24 hours,18-Feb,21-Feb,21-Feb,1,3,62,"Plastic, no yeast",2,161,S,H,SH,17_D8,S,S,H,H,75.1622467,N,NA,S
1874,20,B7,B,7,20-Feb,24 hours,20-Feb,22-Feb,25-Feb,3,2,50,"Plastic, no yeast",2,61,S,H,SH,20_B7,S,S,H,H,74.27668762,N,NA,H
