"chr","pos","id","ref","alt","refc","altc","qual","cov","line_21","line_26","line_28","line_31","line_32","line_38","line_40","line_41","line_42","line_45","line_48","line_49","line_57","line_59","line_69","line_73","line_75","line_83","line_85","line_88","line_91","line_93","line_100","line_101","line_105","line_109","line_129","line_136","line_138","line_142","line_149","line_153","line_158","line_161","line_176","line_177","line_181","line_189","line_195","line_208","line_217","line_223","line_227","line_228","line_229","line_233","line_235","line_237","line_239","line_256","line_280","line_287","line_301","line_303","line_304","line_306","line_307","line_309","line_310","line_313","line_315","line_317","line_318","line_319","line_320","line_321","line_324","line_325","line_332","line_335","line_336","line_338","line_340","line_348","line_350","line_352","line_354","line_355","line_356","line_357","line_358","line_359","line_360","line_361","line_362","line_365","line_367","line_370","line_371","line_373","line_374","line_375","line_377","line_379","line_380","line_381","line_382","line_383","line_385","line_386","line_390","line_391","line_392","line_395","line_397","line_399","line_405","line_406","line_409","line_426","line_427","line_437","line_439","line_440","line_441","line_443","line_461","line_486","line_491","line_492","line_502","line_505","line_508","line_509","line_513","line_517","line_528","line_530","line_531","line_535","line_551","line_555","line_559","line_563","line_566","line_584","line_589","line_595","line_596","line_627","line_630","line_634","line_639","line_642","line_646","line_703","line_705","line_707","line_712","line_714","line_716","line_721","line_727","line_730","line_732","line_737","line_738","line_748","line_757","line_761","line_765","line_774","line_776","line_783","line_786","line_787","line_790","line_796","line_799","line_801","line_802","line_804","line_805","line_808","line_810","line_812","line_818","line_819","line_820","line_821","line_822","line_832","line_837","line_843","line_849","line_850","line_852","line_853","line_855","line_857","line_859","line_861","line_879","line_882","line_884","line_887","line_890","line_892","line_894","line_897","line_900","line_907","line_908","line_911","line_913"
"2L",3716904,"2L_3716904_SNP","T","A",162,23,999,33,"0","0","0","0","0","0","0","0","0","0","2","0","-","0","0","0","2","0","-","-","0","0","2","0","0","-","0","0","0","0","2","0","0","0","0","0","0","2","0","0","0","0","0","0","0","0","0","-","0","0","0","0","-","0","0","0","0","0","0","2","0","0","0","0","0","0","0","0","0","0","-","0","0","2","2","-","0","0","0","0","2","0","0","0","0","0","0","0","0","0","0","-","-","0","-","-","0","0","-","2","0","0","0","2","0","0","0","2","0","-","0","0","0","0","0","-","0","-","0","0","0","0","2","0","0","0","0","0","0","0","0","0","0","-","0","0","0","2","0","2","2","0","2","0","0","0","0","0","0","0","0","0","0","0","0","0","2","0","0","0","0","0","0","0","0","0","2","-","0","0","-","0","0","0","0","0","0","0","0","2","0","0","2","0","-","0","0","0","0","0","0","0","0","2","0","0","0","0","2","0","0","0","0","0","0"
"2L",3716933,"2L_3716933_SNP","G","A",139,50,999,34,"0","0","0","0","0","0","0","0","0","0","2","0","2","2","0","0","2","0","-","-","0","0","2","-","0","-","0","2","0","0","2","0","0","0","0","2","0","2","0","0","2","0","0","0","0","0","0","-","0","0","2","0","-","0","0","0","2","0","0","2","0","0","2","0","0","2","0","0","0","0","2","-","0","2","2","2","0","0","0","0","-","0","0","0","0","0","0","0","2","0","2","2","-","0","-","-","0","0","2","2","0","2","0","2","0","0","0","2","2","-","2","0","0","0","0","-","2","2","2","0","0","0","2","0","0","0","0","0","0","0","2","0","0","-","0","0","0","2","0","2","2","0","2","0","0","0","0","0","0","0","0","2","2","0","0","0","2","0","0","0","0","0","0","0","0","2","2","2","0","0","-","0","0","0","0","0","0","0","0","2","0","0","2","0","-","0","0","0","0","2","0","0","0","2","0","0","0","0","2","0","0","0","0","2","0"
"2L",3716934,"2L_3716934_SNP","C","A",204,1,999,34,"0","0","0","0","0","0","0","0","0","0","0","0","0","0","0","0","0","0","0","0","0","0","0","0","0","0","0","0","0","0","0","0","0","0","0","0","0","0","0","0","0","0","0","0","0","0","0","0","0","0","0","0","0","0","0","0","0","0","0","0","0","0","2","0","0","0","0","0","0","0","0","0","0","0","0","0","0","0","0","0","0","0","0","0","0","0","0","0","0","0","0","0","0","0","0","0","0","0","0","0","0","0","0","0","0","0","0","0","0","0","0","0","0","0","0","0","0","0","0","0","0","0","0","0","0","0","0","0","0","0","0","0","0","0","0","0","0","0","0","0","0","0","0","0","0","0","0","0","0","0","0","0","0","0","0","0","0","0","0","0","0","0","0","0","0","0","0","0","0","0","0","0","0","0","0","0","0","0","0","0","0","0","0","0","0","0","0","0","0","0","0","0","0","0","0","0","0","0","0","0","0","0","0","0","0"
"2L",3716945,"2L_3716945_SNP","G","C",171,23,999,34,"0","0","0","0","0","0","0","0","0","0","2","0","2","0","0","0","-","0","-","-","0","0","-","0","0","-","0","0","0","0","2","0","0","0","0","0","0","2","0","0","0","0","0","0","0","0","0","-","0","0","0","0","-","0","0","0","0","0","0","0","0","0","0","0","0","0","0","0","0","0","0","0","0","2","2","-","0","0","0","0","2","0","0","0","0","0","0","0","0","0","0","2","-","0","0","0","0","0","2","2","0","0","0","2","0","0","0","2","0","-","0","0","0","0","0","-","0","2","0","0","0","0","2","0","0","0","0","0","0","0","0","0","0","0","0","0","0","2","0","2","2","0","0","0","0","0","0","0","0","0","0","0","0","0","0","0","2","0","0","0","0","0","0","0","0","0","2","0","0","0","0","0","0","0","0","0","0","0","0","2","0","0","2","0","0","0","0","0","0","0","0","0","0","2","0","0","0","0","2","0","0","0","0","0","0"
"2L",3716962,"2L_3716962_SNP","C","T",202,3,999,35,"0","0","0","0","0","0","0","0","0","0","0","0","0","0","0","0","0","0","0","0","0","0","0","0","0","0","0","0","0","0","0","0","0","0","0","0","0","0","0","0","0","0","0","0","0","0","0","0","0","0","0","0","0","0","0","0","0","0","0","0","2","0","0","0","0","0","0","0","0","0","0","0","0","0","0","0","0","0","0","0","0","0","0","0","0","0","0","0","0","0","0","0","0","0","0","0","0","0","0","0","0","0","0","0","0","0","0","0","0","0","0","0","0","0","0","0","0","0","0","0","0","2","0","0","0","0","0","0","0","0","0","0","0","0","0","0","0","0","0","0","0","0","0","0","0","0","0","0","0","0","0","0","0","0","0","0","0","0","0","2","0","0","0","0","0","0","0","0","0","0","0","0","0","0","0","0","0","0","0","0","0","0","0","0","0","0","0","0","0","0","0","0","0","0","0","0","0","0","0","0","0","0","0","0","0"
"2L",3716984,"2L_3716984_SNP","G","T",204,1,999,34,"0","0","0","0","0","0","0","0","0","0","0","0","0","0","0","0","0","0","0","0","0","0","0","0","2","0","0","0","0","0","0","0","0","0","0","0","0","0","0","0","0","0","0","0","0","0","0","0","0","0","0","0","0","0","0","0","0","0","0","0","0","0","0","0","0","0","0","0","0","0","0","0","0","0","0","0","0","0","0","0","0","0","0","0","0","0","0","0","0","0","0","0","0","0","0","0","0","0","0","0","0","0","0","0","0","0","0","0","0","0","0","0","0","0","0","0","0","0","0","0","0","0","0","0","0","0","0","0","0","0","0","0","0","0","0","0","0","0","0","0","0","0","0","0","0","0","0","0","0","0","0","0","0","0","0","0","0","0","0","0","0","0","0","0","0","0","0","0","0","0","0","0","0","0","0","0","0","0","0","0","0","0","0","0","0","0","0","0","0","0","0","0","0","0","0","0","0","0","0","0","0","0","0","0","0"
"2L",3716999,"2L_3716999_SNP","C","T",190,13,999,33,"0","0","0","0","0","0","0","0","0","0","0","0","2","0","0","0","2","0","0","0","0","0","-","0","0","-","0","0","0","0","2","0","0","0","0","0","0","2","0","0","0","0","0","0","0","0","0","0","0","0","0","0","0","0","0","0","0","0","0","0","0","0","0","0","0","0","0","0","0","0","0","0","0","0","0","0","0","0","0","0","0","0","0","0","0","0","0","0","0","0","0","2","0","0","0","0","0","0","2","0","0","0","0","2","0","0","0","0","0","0","0","0","0","0","0","0","0","2","0","0","0","0","2","0","0","0","0","0","0","0","0","0","0","0","0","0","0","0","0","0","0","0","0","0","0","0","0","0","0","0","0","0","0","0","0","0","2","0","0","0","0","0","0","0","0","0","2","0","0","0","0","0","0","0","0","0","0","0","0","2","0","0","0","0","0","0","0","0","0","0","0","0","0","2","0","0","0","0","0","0","0","0","0","0","0"
"2L",3717016,"2L_3717016_SNP","C","T",204,1,999,33,"0","0","0","0","0","0","0","0","0","0","0","0","0","0","0","0","0","0","0","0","0","0","0","0","0","0","0","0","0","0","0","0","0","0","0","0","0","0","0","0","0","0","0","0","0","0","0","0","0","0","0","0","0","0","0","0","0","0","0","0","0","0","0","0","0","0","0","0","0","0","0","0","0","0","0","0","0","0","0","0","0","0","0","0","0","0","0","0","0","0","0","0","0","0","0","0","0","0","0","0","0","0","0","0","0","0","0","0","0","0","0","0","0","0","0","0","0","0","0","0","0","0","0","0","0","0","0","0","0","0","0","0","0","0","0","0","0","0","0","0","0","0","0","0","0","0","0","0","0","2","0","0","0","0","0","0","0","0","0","0","0","0","0","0","0","0","0","0","0","0","0","0","0","0","0","0","0","0","0","0","0","0","0","0","0","0","0","0","0","0","0","0","0","0","0","0","0","0","0","0","0","0","0","0","0"
"2L",3717017,"2L_3717017_SNP","A","C",179,11,999,33,"0","0","0","0","0","0","0","0","0","0","2","0","0","0","0","0","0","0","-","-","0","0","-","0","0","0","0","0","0","0","0","0","0","0","0","0","0","0","0","0","0","0","0","0","0","0","0","-","0","0","0","0","-","0","0","0","0","0","0","2","0","0","0","0","0","0","0","0","0","0","-","0","0","2","2","-","0","0","0","0","2","0","0","0","0","0","0","0","0","0","0","0","-","0","0","-","0","0","0","2","0","0","0","0","0","0","0","2","0","-","0","0","0","0","0","-","0","0","0","0","0","0","0","0","0","0","0","0","0","0","0","0","0","-","0","0","0","2","0","2","2","0","0","0","0","0","0","0","0","0","0","0","0","0","0","0","0","0","0","0","0","0","0","0","0","0","0","0","0","0","-","0","0","0","0","0","0","0","0","0","0","0","2","0","-","0","0","0","0","0","0","0","0","0","0","0","0","0","-","0","0","0","0","0","0"
"2L",3717045,"2L_3717045_SNP","G","T",178,11,999,34,"0","0","0","0","0","0","0","0","0","0","2","0","0","0","0","0","0","0","-","-","0","0","-","0","0","0","0","0","0","0","0","0","0","0","0","0","0","0","0","0","0","0","0","0","0","0","0","-","0","0","0","0","-","0","0","0","0","0","0","-","0","0","0","0","0","0","0","0","0","0","-","0","0","2","2","-","0","0","0","0","2","0","0","0","0","0","0","0","0","0","0","0","-","0","0","-","0","0","0","2","0","0","0","0","0","0","0","2","0","-","0","0","0","0","0","-","0","0","0","0","0","0","0","0","0","0","0","0","0","0","0","0","0","-","0","0","0","2","0","2","2","0","0","0","0","0","0","0","0","0","0","0","0","0","0","0","0","0","0","0","0","0","0","0","0","0","0","0","0","0","-","0","0","0","0","0","0","0","0","0","0","-","2","0","-","0","0","0","0","0","0","0","0","0","0","0","0","0","2","0","0","0","0","0","0"
"2L",3717102,"2L_3717102_SNP","C","T",99,90,999,37,"2","0","2","0","0","0","2","0","2","2","0","2","0","0","2","0","0","2","-","0","2","0","0","0","0","-","2","0","0","2","0","2","2","0","2","2","0","2","2","0","0","2","2","0","2","0","2","-","0","2","0","-","-","-","0","2","0","2","2","0","0","2","0","2","2","0","0","2","2","2","0","0","2","0","0","0","0","0","2","2","0","0","2","2","0","2","2","2","0","0","2","0","-","0","-","0","2","0","2","0","0","2","2","2","2","2","-","0","0","-","0","2","2","0","0","-","0","0","0","0","-","0","0","0","2","0","-","2","0","2","0","2","0","-","2","0","2","0","2","0","0","2","0","2","2","2","0","0","0","0","2","2","0","2","2","2","0","0","2","0","2","2","0","0","2","0","0","0","0","2","-","2","2","2","2","-","2","2","0","2","0","0","0","2","0","2","2","2","2","0","0","2","2","2","0","0","2","0","0","0","2","2","2","0","2"
"2L",3717105,"2L_3717105_SNP","C","T",198,1,999,37,"0","0","0","0","0","0","0","0","0","0","0","0","0","0","0","0","0","0","0","0","0","0","-","0","0","0","0","0","0","0","0","0","0","0","0","0","0","0","0","0","0","0","0","0","0","0","0","0","0","0","0","0","0","0","0","0","0","0","0","2","0","0","0","0","0","0","0","0","0","0","-","0","0","0","0","0","0","0","0","0","0","0","0","0","0","0","0","0","0","0","0","0","0","0","-","0","0","0","0","0","0","0","0","0","0","0","0","0","0","0","0","0","0","0","0","0","0","0","0","0","0","0","0","0","0","0","0","0","0","0","0","0","0","-","0","0","0","0","0","0","0","0","0","0","0","0","0","0","0","0","0","0","0","0","0","0","0","0","0","0","0","0","0","0","0","0","0","0","0","0","-","0","0","0","0","0","0","0","0","0","0","0","0","0","-","0","0","0","0","0","0","0","0","0","0","0","0","0","0","0","0","0","0","0","0"
"2L",3717224,"2L_3717224_SNP","A","T",204,1,999,42,"0","0","0","0","0","0","0","0","0","0","0","0","0","0","0","0","0","0","0","0","0","0","0","0","0","0","0","0","0","0","0","0","0","0","0","0","0","0","0","0","0","0","0","0","0","0","0","0","0","0","0","0","0","0","0","0","0","0","0","0","0","0","0","0","0","0","0","0","0","0","0","0","0","0","0","0","0","0","0","0","0","0","0","0","0","0","0","0","0","0","0","0","0","0","0","0","0","0","0","0","0","0","0","0","0","0","0","0","0","0","0","0","0","0","0","0","0","0","0","0","0","0","0","0","0","2","0","0","0","0","0","0","0","0","0","0","0","0","0","0","0","0","0","0","0","0","0","0","0","0","0","0","0","0","0","0","0","0","0","0","0","0","0","0","0","0","0","0","0","0","0","0","0","0","0","0","0","0","0","0","0","0","0","0","0","0","0","0","0","0","0","0","0","0","0","0","0","0","0","0","0","0","0","0","0"
"2L",3717235,"2L_3717235_SNP","A","G",204,1,999,43,"0","0","0","0","0","0","0","0","0","0","0","0","0","0","0","0","0","0","0","0","0","0","0","0","0","0","0","0","0","0","0","0","0","0","0","0","0","0","0","0","0","0","0","0","0","0","0","0","0","0","0","0","0","0","0","0","0","0","0","0","0","0","0","0","0","0","0","0","0","0","0","0","0","0","0","0","0","0","0","0","0","0","0","0","0","0","0","0","0","0","0","0","0","0","0","0","2","0","0","0","0","0","0","0","0","0","0","0","0","0","0","0","0","0","0","0","0","0","0","0","0","0","0","0","0","0","0","0","0","0","0","0","0","0","0","0","0","0","0","0","0","0","0","0","0","0","0","0","0","0","0","0","0","0","0","0","0","0","0","0","0","0","0","0","0","0","0","0","0","0","0","0","0","0","0","0","0","0","0","0","0","0","0","0","0","0","0","0","0","0","0","0","0","0","0","0","0","0","0","0","0","0","0","0","0"
"2L",3717237,"2L_3717237_DEL","CTTCTCAAATCCTGGCTGTAGGCATTGAACTCCATTTATGGCTGAGAAATAGCCATC","C",203,2,999,71,"0","0","0","0","0","0","0","0","0","0","0","0","0","2","0","0","0","0","0","0","0","0","0","0","0","0","0","0","0","0","0","0","0","0","0","0","0","0","0","0","0","0","0","0","0","0","0","0","0","0","0","0","0","0","0","0","0","0","0","0","0","0","0","0","0","2","0","0","0","0","0","0","0","0","0","0","0","0","0","0","0","0","0","0","0","0","0","0","0","0","0","0","0","0","0","0","0","0","0","0","0","0","0","0","0","0","0","0","0","0","0","0","0","0","0","0","0","0","0","0","0","0","0","0","0","0","0","0","0","0","0","0","0","0","0","0","0","0","0","0","0","0","0","0","0","0","0","0","0","0","0","0","0","0","0","0","0","0","0","0","0","0","0","0","0","0","0","0","0","0","0","0","0","0","0","0","0","0","0","0","0","0","0","0","0","0","0","0","0","0","0","0","0","0","0","0","0","0","0","0","0","0","0","0","0"
"2L",3717262,"2L_3717262_SNP","T","C",194,7,999,42,"0","0","0","0","0","0","0","0","0","0","0","0","0","-","0","0","0","0","0","0","0","0","0","0","0","0","0","0","0","0","0","0","0","0","0","0","0","0","0","0","0","0","0","0","0","0","0","0","0","0","0","0","0","0","0","0","0","0","0","0","0","0","0","0","0","-","0","0","0","0","0","0","0","0","0","0","2","2","0","0","0","0","0","0","2","0","0","0","0","0","0","0","0","0","0","-","0","0","0","0","0","0","0","0","0","0","0","0","0","0","0","0","0","0","0","0","0","0","0","0","0","0","0","0","0","0","0","0","0","0","0","0","0","0","0","0","0","0","0","0","0","0","0","0","0","0","0","0","2","0","0","0","0","0","0","0","0","0","0","0","0","0","0","0","0","0","0","0","2","0","0","0","0","0","0","0","0","0","0","0","2","2","0","0","-","0","0","0","0","0","0","0","0","0","0","0","0","0","0","0","0","0","0","0","0"
"2L",3717291,"2L_3717291_SNP","A","G",194,6,999,42,"0","0","0","0","0","0","0","0","0","0","0","0","0","-","0","0","0","0","0","0","0","0","0","0","0","0","0","0","0","0","0","0","0","0","0","0","0","0","0","0","0","0","0","0","0","0","0","0","0","0","0","0","0","0","0","0","0","0","0","0","0","0","0","0","0","-","0","0","0","0","0","0","0","0","0","0","2","2","0","0","0","0","0","0","2","0","0","0","0","0","0","0","0","0","0","-","0","0","0","0","0","0","0","0","0","0","0","0","0","0","0","0","0","0","0","0","0","0","0","0","0","0","0","0","0","0","0","0","0","0","0","0","0","0","0","0","0","0","0","0","0","0","0","0","0","0","0","0","2","0","0","0","0","0","0","0","0","0","0","0","0","0","0","0","0","0","0","0","2","0","0","0","0","0","0","0","0","0","0","0","2","-","0","0","-","0","0","0","0","0","0","0","0","0","0","0","0","0","0","0","0","0","0","0","0"
"2L",3717309,"2L_3717309_SNP","A","G",16,178,999,43,"2","2","2","2","2","2","2","2","2","2","0","2","2","2","2","0","2","2","-","2","2","2","-","2","0","2","2","2","0","2","2","2","2","2","2","2","0","2","2","0","2","2","2","0","2","2","2","-","2","2","2","2","2","2","2","2","2","2","2","0","2","2","2","2","2","2","2","2","2","2","-","2","2","2","2","-","2","2","2","2","-","2","2","2","2","2","2","2","2","2","2","2","-","2","2","2","2","2","2","2","2","2","2","2","2","2","2","2","2","2","2","2","2","2","2","2","2","2","2","2","2","0","2","0","2","2","2","2","2","2","0","2","0","-","2","2","2","0","2","2","2","2","2","2","2","2","2","2","2","2","2","2","2","2","2","2","2","2","2","-","2","2","2","2","2","2","2","2","2","2","-","2","2","2","2","2","2","2","2","2","2","2","2","2","-","2","2","2","2","2","2","2","2","2","2","0","2","0","0","2","2","2","2","2","2"
"2L",3717478,"2L_3717478_SNP","T","A",199,1,999,40,"0","0","0","0","0","0","0","0","0","0","0","0","0","0","0","0","0","0","0","0","0","0","-","0","0","0","0","0","0","0","0","0","0","0","0","0","0","0","0","0","0","0","0","0","0","0","0","0","0","0","0","0","0","0","0","0","0","0","0","2","0","0","0","0","0","0","0","0","0","0","-","0","0","0","0","0","0","0","0","0","0","0","0","0","0","0","0","0","0","0","0","0","0","0","0","0","0","0","0","0","0","0","0","0","0","0","0","0","0","0","0","0","0","0","0","0","0","0","0","0","0","0","0","0","0","0","0","0","0","0","0","0","0","-","0","0","0","0","0","0","0","0","0","0","0","0","0","0","0","0","0","0","0","0","0","0","0","0","0","0","0","0","0","0","0","0","0","0","0","0","-","0","0","0","0","0","0","0","0","0","0","0","0","0","-","0","0","0","0","0","0","0","0","0","0","0","0","0","0","0","0","0","0","0","0"
"2L",3717487,"2L_3717487_SNP","A","T",186,13,999,40,"0","2","0","0","0","0","0","0","0","0","0","0","0","0","0","0","0","0","0","-","0","0","0","0","0","0","0","0","-","0","0","0","0","0","0","0","0","0","0","0","0","0","0","0","0","2","0","0","0","0","0","0","-","0","0","0","0","0","0","0","0","0","0","0","0","0","0","0","0","0","0","0","0","2","2","0","0","0","0","0","2","2","0","0","0","0","0","0","0","0","0","0","0","0","0","-","0","0","0","2","0","0","0","0","0","0","0","2","0","-","0","0","0","0","0","-","0","0","0","2","0","0","0","0","0","0","0","0","0","0","0","0","0","0","0","0","0","0","0","2","2","0","0","0","0","0","0","0","0","0","0","0","0","0","0","0","0","2","0","0","0","0","0","0","0","0","0","0","0","0","0","0","0","0","0","0","0","0","0","0","0","0","2","0","0","0","0","0","0","0","0","0","0","0","0","0","0","0","0","0","0","0","0","0","0"
"2L",3717503,"2L_3717503_SNP","T","C",179,17,999,42,"0","0","0","0","0","0","0","0","0","0","2","0","0","0","0","0","0","0","-","0","0","0","2","0","0","0","0","0","-","0","0","0","0","0","0","0","0","0","0","0","0","0","0","0","0","0","0","-","0","0","0","0","0","0","0","0","0","0","0","2","0","0","0","0","0","0","0","0","0","0","-","0","0","0","0","-","2","2","0","0","0","0","0","0","2","0","0","0","0","0","0","2","-","0","0","-","0","2","0","0","0","0","0","0","0","0","0","0","0","0","0","0","0","0","0","0","0","2","0","0","0","0","0","0","0","0","0","0","0","0","0","0","0","-","0","0","0","2","0","0","0","0","0","0","0","0","0","0","2","0","0","0","0","0","0","0","2","0","0","0","0","0","0","0","0","0","0","0","2","0","-","0","0","0","0","0","0","0","0","0","2","2","0","0","2","0","0","0","0","0","0","0","0","0","0","0","0","0","2","0","0","0","0","0","0"
"2L",3717530,"2L_3717530_SNP","C","T",10,195,999,42,"2","2","2","2","2","2","2","2","2","2","2","2","2","2","2","0","2","2","2","2","2","2","2","2","0","2","2","2","2","2","2","2","2","2","2","2","0","2","2","0","2","2","2","0","2","2","2","2","2","2","2","2","2","2","2","2","2","2","2","2","2","2","2","2","2","2","2","2","2","2","2","2","2","2","2","2","2","2","2","2","2","2","2","2","2","2","2","2","2","2","2","2","2","2","2","2","2","2","2","2","2","2","2","2","2","2","2","2","2","2","2","2","2","2","2","2","2","2","2","2","2","0","2","2","2","2","2","2","2","2","2","2","0","2","2","2","2","2","2","2","2","2","2","2","2","2","2","2","2","2","2","2","2","2","2","2","2","2","2","0","2","2","2","2","2","2","2","2","2","2","2","2","2","2","2","2","2","2","2","2","2","2","2","2","2","2","2","2","2","2","2","2","2","2","2","0","2","0","2","2","2","2","2","2","2"
"2L",3717538,"2L_3717538_SNP","G","A",203,2,999,42,"0","0","0","0","0","0","0","0","0","0","0","0","0","0","0","0","0","0","0","0","0","0","0","0","0","0","0","0","0","0","0","0","0","0","0","0","0","0","0","0","0","0","0","0","0","0","0","0","0","0","0","0","0","0","0","0","0","0","0","0","0","0","0","0","0","0","0","0","0","0","0","0","0","0","0","0","0","0","0","0","0","0","0","0","0","0","0","0","0","0","0","0","0","0","0","0","0","0","0","0","0","0","0","0","0","0","0","0","0","0","0","0","0","0","0","0","0","0","0","0","0","0","0","0","0","0","0","0","0","0","0","0","0","0","0","0","0","0","0","0","0","0","2","0","0","0","0","0","0","0","0","0","0","0","0","0","0","0","0","0","0","0","0","0","0","0","0","2","0","0","0","0","0","0","0","0","0","0","0","0","0","0","0","0","0","0","0","0","0","0","0","0","0","0","0","0","0","0","0","0","0","0","0","0","0"
"2L",3717611,"2L_3717611_SNP","G","A",8,195,999,37,"2","2","2","2","2","2","2","2","2","2","2","2","2","2","0","0","2","2","2","2","2","2","2","2","2","2","2","2","2","2","2","2","2","2","2","2","0","2","2","0","2","2","2","0","2","2","2","2","2","2","2","2","2","2","2","2","2","2","2","2","2","2","2","2","2","2","2","2","2","2","-","2","2","2","2","2","2","2","2","-","2","2","2","2","2","2","2","2","2","2","2","2","2","2","2","2","2","2","2","2","2","2","2","2","2","2","2","2","2","2","2","2","2","2","2","2","2","2","2","2","2","2","2","2","2","2","2","2","2","2","2","2","0","2","2","2","2","2","2","2","2","2","2","2","2","2","2","2","2","2","2","2","2","2","2","2","2","2","2","2","2","2","2","2","2","2","2","2","2","2","2","2","2","2","2","2","2","2","2","2","2","2","2","2","2","2","2","2","2","2","2","2","2","2","2","0","2","0","2","2","2","2","2","2","2"
"2L",3717663,"2L_3717663_SNP","G","A",204,1,999,33,"0","0","2","0","0","0","0","0","0","0","0","0","0","0","0","0","0","0","0","0","0","0","0","0","0","0","0","0","0","0","0","0","0","0","0","0","0","0","0","0","0","0","0","0","0","0","0","0","0","0","0","0","0","0","0","0","0","0","0","0","0","0","0","0","0","0","0","0","0","0","0","0","0","0","0","0","0","0","0","0","0","0","0","0","0","0","0","0","0","0","0","0","0","0","0","0","0","0","0","0","0","0","0","0","0","0","0","0","0","0","0","0","0","0","0","0","0","0","0","0","0","0","0","0","0","0","0","0","0","0","0","0","0","0","0","0","0","0","0","0","0","0","0","0","0","0","0","0","0","0","0","0","0","0","0","0","0","0","0","0","0","0","0","0","0","0","0","0","0","0","0","0","0","0","0","0","0","0","0","0","0","0","0","0","0","0","0","0","0","0","0","0","0","0","0","0","0","0","0","0","0","0","0","0","0"
"2L",3717711,"2L_3717711_SNP","G","A",204,1,999,30,"0","0","0","0","0","0","0","0","0","0","0","0","0","0","0","0","0","0","0","0","0","0","0","0","0","0","0","0","0","0","0","0","0","0","0","0","0","0","0","0","0","0","0","0","0","0","0","0","0","0","0","0","0","0","0","0","0","0","0","0","0","0","0","0","0","0","0","0","0","0","0","0","0","0","0","0","0","0","0","0","0","0","0","0","0","0","0","0","0","0","0","0","0","0","0","0","0","2","0","0","0","0","0","0","0","0","0","0","0","0","0","0","0","0","0","0","0","0","0","0","0","0","0","0","0","0","0","0","0","0","0","0","0","0","0","0","0","0","0","0","0","0","0","0","0","0","0","0","0","0","0","0","0","0","0","0","0","0","0","0","0","0","0","0","0","0","0","0","0","0","0","0","0","0","0","0","0","0","0","0","0","0","0","0","0","0","0","0","0","0","0","0","0","0","0","0","0","0","0","0","0","0","0","0","0"
"2L",3717717,"2L_3717717_SNP","C","T",203,2,999,30,"0","0","0","0","0","0","0","0","0","0","0","0","0","0","0","0","0","0","0","0","0","0","0","0","0","0","0","0","0","0","0","0","0","0","0","0","0","0","0","0","0","0","0","0","0","0","0","0","0","0","0","0","0","0","0","0","0","0","2","0","0","0","0","0","0","0","0","0","0","0","0","0","0","0","0","0","0","0","0","0","0","0","0","0","0","0","0","0","0","0","0","0","0","0","0","0","0","0","0","0","0","0","0","0","0","0","0","0","0","0","0","0","0","0","0","0","0","0","0","0","0","0","0","2","0","0","0","0","0","0","0","0","0","0","0","0","0","0","0","0","0","0","0","0","0","0","0","0","0","0","0","0","0","0","0","0","0","0","0","0","0","0","0","0","0","0","0","0","0","0","0","0","0","0","0","0","0","0","0","0","0","0","0","0","0","0","0","0","0","0","0","0","0","0","0","0","0","0","0","0","0","0","0","0","0"
"2L",3717777,"2L_3717777_SNP","C","A",196,6,999,30,"0","0","0","0","0","0","0","0","0","0","0","0","0","0","0","0","0","0","0","0","0","0","0","0","0","0","0","0","0","0","0","0","0","0","0","0","0","0","0","0","0","0","0","0","0","0","0","0","0","0","0","0","0","0","0","0","0","0","0","0","0","0","0","0","0","0","0","0","0","0","0","0","0","0","0","0","2","-","0","0","0","0","0","0","2","0","0","0","0","0","0","0","0","0","0","-","0","0","0","0","0","0","0","0","0","0","0","0","0","0","0","0","0","0","0","0","0","0","0","0","0","0","0","0","0","0","0","0","0","0","0","0","0","0","0","0","0","0","0","0","0","0","0","0","0","0","0","0","2","0","0","0","0","0","0","0","0","0","0","0","0","0","0","0","0","0","0","0","2","0","0","0","0","0","0","0","0","0","0","0","2","2","0","0","-","0","0","0","0","0","0","0","0","0","0","0","0","0","0","0","0","0","0","0","0"
"2L",3717785,"2L_3717785_SNP","G","T",204,1,999,31,"0","0","0","0","0","0","0","0","0","0","0","0","0","0","0","0","0","0","0","0","0","0","0","0","0","0","0","0","0","0","0","0","0","0","0","0","0","0","0","0","0","0","0","0","0","0","0","0","0","0","0","0","0","0","0","0","0","0","0","0","0","0","0","0","0","0","0","0","0","0","0","0","0","0","0","0","0","0","0","0","0","0","0","0","0","0","0","0","0","0","0","0","0","0","0","0","0","0","0","0","0","0","0","0","0","0","0","0","0","0","0","0","0","0","0","0","0","0","0","0","0","0","0","0","0","0","0","0","0","0","0","0","0","0","0","0","0","0","0","0","0","0","0","0","0","0","0","0","0","0","0","0","0","0","0","0","0","0","0","0","0","0","0","2","0","0","0","0","0","0","0","0","0","0","0","0","0","0","0","0","0","0","0","0","0","0","0","0","0","0","0","0","0","0","0","0","0","0","0","0","0","0","0","0","0"
"2L",3717811,"2L_3717811_SNP","T","C",204,1,999,31,"0","0","0","0","0","0","0","0","0","0","0","0","0","0","0","0","0","0","0","0","0","0","0","0","0","0","0","0","0","0","0","0","0","0","0","0","0","0","0","0","0","0","0","0","0","0","0","0","0","0","0","0","0","0","0","0","0","0","0","0","0","0","0","0","0","0","0","0","0","0","0","0","0","0","0","0","0","0","0","0","0","0","0","0","0","0","0","0","0","0","0","0","0","0","0","0","0","0","0","0","0","0","0","0","0","0","0","0","0","0","0","0","0","0","0","0","0","0","0","0","0","0","0","0","0","0","0","0","0","0","0","0","0","0","0","0","0","0","0","0","0","0","0","0","0","0","0","0","0","0","0","0","0","0","0","0","0","0","0","0","0","0","0","2","0","0","0","0","0","0","0","0","0","0","0","0","0","0","0","0","0","0","0","0","0","0","0","0","0","0","0","0","0","0","0","0","0","0","0","0","0","0","0","0","0"
"2L",3717881,"2L_3717881_SNP","T","G",135,48,999,26,"0","2","0","2","2","0","0","2","0","0","2","0","0","0","0","0","2","0","-","2","0","2","0","-","0","0","0","0","0","0","2","0","-","-","0","0","0","0","0","0","-","0","0","0","0","2","0","-","2","0","0","-","-","-","2","0","0","0","0","0","0","0","0","0","0","0","2","0","0","0","0","2","0","2","2","-","2","2","0","0","2","2","0","0","2","0","0","0","0","0","0","0","-","2","0","2","0","2","0","2","2","0","0","0","-","0","-","2","-","-","0","0","0","0","2","-","0","0","0","2","-","0","0","0","0","-","-","0","2","0","0","-","0","0","0","2","0","2","0","2","2","0","2","0","0","0","2","0","2","0","0","0","0","0","0","0","0","2","0","0","0","0","2","0","0","0","0","2","2","0","0","0","0","0","0","-","0","0","0","0","2","2","2","0","-","0","0","0","0","0","2","0","0","0","2","0","0","0","2","2","0","0","0","0","0"
"2L",3717889,"2L_3717889_SNP","A","T",179,21,999,26,"0","2","0","2","0","0","0","2","0","0","0","0","0","0","0","0","2","0","0","-","0","0","0","0","0","0","0","0","0","0","2","0","-","0","0","0","0","0","0","0","0","0","0","0","0","2","0","0","2","0","-","-","0","-","2","0","0","0","0","0","0","0","0","0","0","0","2","0","0","0","0","0","0","0","0","0","0","0","0","0","0","2","0","0","0","0","0","0","0","0","0","0","0","2","0","0","0","0","0","0","0","0","0","0","0","0","0","0","0","0","0","0","0","0","2","0","0","0","0","2","0","0","0","0","0","0","0","0","2","0","0","2","0","0","0","0","0","0","0","0","0","0","0","0","0","0","2","0","0","0","0","0","0","0","0","0","0","2","0","0","0","0","2","0","0","0","0","0","0","0","0","0","0","0","0","0","0","0","0","0","0","0","0","0","0","0","0","0","0","0","2","0","0","0","2","0","0","0","0","2","0","0","0","0","0"
"2L",3717919,"2L_3717919_SNP","T","A",14,189,999,25,"2","2","2","2","2","2","2","2","2","2","2","2","2","-","0","0","2","2","2","2","2","2","2","2","0","2","2","2","0","2","2","2","2","2","2","2","0","2","2","0","2","2","2","0","2","2","2","2","2","2","-","2","2","2","2","2","2","2","2","2","2","2","2","2","2","2","2","2","2","2","2","2","2","2","2","2","2","2","2","2","2","2","2","2","2","2","2","2","2","2","2","0","2","2","2","2","2","2","2","2","2","2","2","2","2","2","2","2","2","2","2","2","2","2","2","2","2","2","2","2","2","0","2","2","2","2","2","2","2","2","2","2","0","2","2","2","2","2","2","2","2","2","2","2","2","2","2","2","2","2","2","2","2","2","2","2","2","2","2","0","2","2","2","2","2","2","2","2","2","2","2","2","0","2","2","2","2","2","2","2","2","2","2","2","2","2","2","2","2","2","2","2","2","2","2","0","2","0","2","2","2","2","2","2","2"
"2L",3717922,"2L_3717922_SNP","C","T",14,189,999,25,"2","2","2","2","2","2","2","2","2","2","2","2","2","-","0","0","2","2","2","2","2","2","2","2","0","2","2","2","0","2","2","2","2","2","2","2","0","2","2","0","2","2","2","0","2","2","2","2","2","2","-","2","2","2","2","2","2","2","2","2","2","2","2","2","2","2","2","2","2","2","2","2","2","2","2","2","2","2","2","2","2","2","2","2","2","2","2","2","2","2","2","0","2","2","2","2","2","2","2","2","2","2","2","2","2","2","2","2","2","2","2","2","2","2","2","2","2","2","2","2","2","0","2","2","2","2","2","2","2","2","2","2","0","2","2","2","2","2","2","2","2","2","2","2","2","2","2","2","2","2","2","2","2","2","2","2","2","2","2","0","2","2","2","2","2","2","2","2","2","2","2","2","0","2","2","2","2","2","2","2","2","2","2","2","2","2","2","2","2","2","2","2","2","2","2","0","2","0","2","2","2","2","2","2","2"
"2L",3717941,"2L_3717941_SNP","A","T",135,49,999,25,"0","2","0","2","2","0","0","2","0","0","2","0","0","-","0","0","2","0","-","2","0","2","0","-","0","0","0","0","0","0","2","0","0","2","0","0","0","0","0","0","0","0","0","0","0","2","0","-","2","0","0","2","-","-","2","0","0","0","0","0","0","0","0","0","0","0","2","0","0","0","0","-","0","2","-","2","2","2","0","0","2","2","-","0","2","0","0","0","0","0","0","0","-","2","0","2","0","2","0","-","2","0","0","0","0","0","-","2","-","-","0","0","0","0","2","-","0","0","0","2","-","0","0","0","0","2","-","0","2","0","0","2","0","0","0","2","0","2","0","2","2","0","2","0","0","0","2","0","2","0","0","0","0","0","0","0","0","2","0","0","0","0","2","0","0","0","0","2","2","0","0","0","0","0","0","-","0","0","0","0","2","-","2","0","-","0","0","0","0","0","2","0","0","-","2","0","0","0","2","2","0","0","0","0","0"
"2L",3717950,"2L_3717950_SNP","T","G",12,187,999,25,"2","2","2","2","2","2","2","2","2","2","2","2","2","-","0","-","2","2","2","2","2","2","2","2","0","2","2","2","0","2","2","2","2","2","2","2","0","2","2","0","2","2","2","0","2","2","2","2","2","2","2","2","2","2","2","2","2","2","2","2","2","2","2","2","2","2","2","2","2","2","2","2","2","2","2","2","2","2","2","2","2","2","2","2","2","2","2","2","2","2","2","0","2","2","2","2","2","-","2","-","2","2","2","2","2","2","2","2","2","2","2","2","2","2","2","2","2","-","2","2","2","0","2","2","2","2","2","2","2","2","2","2","-","2","2","2","2","2","2","2","2","2","2","2","2","2","2","2","2","2","2","2","2","2","2","2","2","2","2","0","2","2","2","2","2","2","2","2","2","2","2","2","0","2","2","2","2","2","2","2","2","2","2","2","2","2","2","2","2","2","2","2","2","2","2","0","2","0","2","2","2","2","2","2","2"
"2L",3717956,"2L_3717956_SNP","T","A",13,188,999,26,"2","2","2","2","2","2","2","2","2","2","2","2","2","2","0","-","2","2","2","2","2","2","2","2","0","2","2","2","0","2","2","2","2","2","-","2","0","2","2","0","2","2","2","0","2","2","2","2","2","2","2","2","2","2","2","2","2","2","2","2","2","2","2","2","2","2","2","2","2","2","2","2","2","2","2","2","2","2","2","2","2","2","2","2","2","2","2","2","2","2","2","0","2","2","2","2","2","-","2","-","2","2","2","2","2","2","2","2","2","2","2","2","2","2","2","2","2","2","2","2","2","0","2","2","2","2","2","2","2","2","2","2","0","2","2","2","2","2","2","2","2","2","2","2","2","2","2","2","2","2","2","2","2","2","2","2","2","2","2","0","2","2","2","2","2","2","2","2","2","2","2","2","0","2","2","2","2","2","2","2","2","2","2","2","2","2","2","2","2","2","2","2","2","2","2","0","2","0","2","2","2","2","2","2","2"
"2L",3718030,"2L_3718030_SNP","C","A",196,3,999,29,"0","0","0","0","0","0","0","0","0","0","2","0","0","0","0","0","0","0","-","0","0","0","0","-","0","0","0","0","0","0","0","0","0","0","0","0","0","0","0","0","0","0","0","0","0","0","0","-","0","0","0","0","0","0","0","0","0","0","0","0","0","0","0","0","0","0","0","0","0","0","0","0","0","0","0","-","0","0","0","0","0","0","0","0","0","0","0","0","0","0","0","0","-","0","0","0","0","0","0","0","0","0","0","0","0","0","0","0","0","-","0","0","0","0","0","0","0","0","0","0","0","0","0","0","0","0","0","0","0","0","0","0","0","0","0","0","0","2","0","0","0","0","0","0","0","0","0","0","0","0","0","0","0","0","0","0","0","0","0","0","0","0","0","0","0","0","0","0","0","0","0","0","0","0","0","0","0","0","0","0","0","0","0","0","0","0","0","0","0","0","0","0","0","0","0","0","0","0","2","0","0","0","0","0","0"
"2L",3718036,"2L_3718036_SNP","C","T",46,142,999,30,"2","0","2","2","0","2","2","2","2","2","0","2","2","2","0","0","2","2","-","-","2","0","2","-","0","2","2","2","0","2","2","2","2","0","2","2","0","2","2","0","2","2","2","0","2","0","2","-","2","2","2","2","-","2","2","2","2","2","2","2","2","2","2","2","2","2","2","2","2","2","2","-","2","0","0","-","0","0","2","2","0","0","2","2","0","2","2","2","2","2","2","0","-","2","2","0","2","0","2","0","0","2","2","2","2","2","-","0","2","-","2","2","2","2","2","-","2","2","2","0","-","0","2","2","2","0","-","2","2","2","2","2","0","2","2","-","2","0","2","0","0","2","0","2","2","2","2","2","0","-","2","2","2","2","2","2","2","0","2","0","2","2","2","2","2","2","2","0","0","2","2","2","0","2","2","-","2","2","2","2","0","0","0","2","-","2","2","2","2","2","2","2","2","2","2","0","2","0","0","2","2","2","2","2","2"
"2L",3718037,"2L_3718037_SNP","A","G",46,141,999,30,"2","0","2","2","0","2","2","2","2","2","0","2","2","2","0","0","2","2","-","-","2","0","2","-","0","2","2","2","0","2","2","2","2","0","2","2","0","2","2","0","2","2","2","0","2","0","2","-","2","2","2","2","-","2","2","2","2","2","2","2","2","2","2","2","2","2","2","2","2","2","2","-","2","0","0","-","0","0","2","2","0","0","2","2","0","2","2","2","2","2","2","0","-","2","2","0","2","0","2","0","0","2","2","2","2","2","-","0","-","-","2","2","2","2","2","-","2","-","2","0","-","0","2","2","2","0","-","2","2","2","2","2","0","2","2","-","2","0","2","0","0","2","0","2","2","2","2","2","0","2","2","2","2","2","2","2","2","0","2","0","2","2","2","2","2","2","2","0","0","2","2","2","0","2","2","-","2","2","2","2","0","0","0","2","-","2","2","2","2","2","2","2","2","2","2","0","2","0","0","2","2","2","2","2","2"
"2L",3718040,"2L_3718040_INS","T","TATGAATGT",40,141,999,32,"2","-","2","2","0","2","2","2","2","2","0","2","2","2","0","0","2","2","-","-","2","0","2","-","0","2","2","2","0","2","2","2","2","0","2","2","0","-","2","0","2","2","2","0","2","0","2","-","2","2","2","2","-","2","2","2","2","2","2","2","2","2","2","2","2","2","2","2","2","2","2","-","2","0","0","-","0","0","2","2","0","0","2","-","0","2","2","2","2","2","2","-","-","2","2","0","2","0","2","-","0","2","2","2","2","2","-","0","2","-","2","2","2","2","2","-","2","2","2","0","-","0","2","2","2","0","-","2","2","2","2","2","0","2","2","-","2","0","2","0","0","2","0","2","2","2","2","2","0","2","2","2","2","2","2","2","2","0","2","0","2","2","2","2","2","2","2","-","0","2","2","2","0","2","2","-","2","2","2","2","-","0","0","2","-","2","2","2","2","2","2","2","2","2","2","-","2","0","0","2","2","2","2","2","2"
"2L",3718049,"2L_3718049_SNP","G","A",168,27,999,30,"0","0","0","0","0","0","0","0","0","2","0","-","0","0","0","0","0","-","-","0","2","0","0","0","0","-","0","0","0","0","0","2","0","0","0","2","0","0","0","0","0","2","2","0","0","0","0","0","0","2","0","0","-","0","0","0","0","2","0","0","0","2","0","0","0","0","0","0","0","0","0","0","2","0","0","0","0","0","0","0","0","0","0","0","0","0","0","0","0","0","2","0","0","0","-","0","0","0","0","0","0","2","0","0","0","0","0","0","0","0","0","0","2","0","0","0","0","0","0","0","-","0","0","0","0","0","0","2","0","0","0","0","0","0","0","0","2","0","0","0","0","2","0","2","0","0","0","0","0","-","2","2","0","2","2","0","0","0","2","0","0","2","0","0","0","0","0","0","0","-","0","2","0","0","2","0","0","0","0","0","0","0","0","0","0","0","0","-","2","0","0","0","0","0","0","0","0","0","0","0","2","0","0","0","0"
"2L",3718073,"2L_3718073_SNP","A","G",198,3,999,30,"0","0","0","0","0","0","0","0","0","0","2","0","0","0","0","0","0","0","-","0","0","0","0","0","0","0","0","0","0","0","0","0","0","0","0","0","0","0","0","0","0","0","0","0","0","0","0","-","0","0","0","0","0","0","0","0","0","0","0","0","0","0","0","0","0","0","0","0","0","0","0","0","0","0","0","-","0","0","0","0","0","0","0","0","0","0","0","0","0","0","0","0","-","0","0","0","0","0","0","0","0","0","0","0","0","0","0","0","0","0","0","0","0","0","0","0","0","0","0","0","0","0","0","0","0","0","0","0","0","0","0","0","0","0","0","0","0","2","0","0","0","0","0","0","0","0","0","0","0","0","0","0","0","0","0","0","0","0","0","0","0","0","0","0","0","0","0","0","0","0","0","0","0","0","0","0","0","0","0","0","0","0","0","0","0","0","0","0","0","0","0","0","0","0","0","0","0","0","2","0","0","0","0","0","0"
"2L",3718137,"2L_3718137_SNP","G","A",202,3,999,32,"0","0","0","0","0","0","0","0","0","0","0","0","0","0","0","0","0","0","0","0","0","0","0","0","0","0","0","0","0","0","0","0","0","0","0","0","0","0","0","0","0","0","0","0","0","0","0","0","0","0","0","0","0","0","0","0","0","0","0","0","0","0","0","0","0","0","0","0","0","0","0","0","0","0","0","0","0","0","0","0","0","0","0","0","0","0","0","0","0","0","0","0","0","0","0","0","0","0","0","0","0","0","0","0","0","0","0","0","0","0","0","0","0","0","0","0","0","0","0","0","0","0","0","0","0","2","0","0","0","0","0","0","0","0","0","0","0","0","0","0","0","0","2","0","0","0","0","0","0","0","0","0","0","0","0","0","0","0","0","0","0","0","0","0","0","0","0","2","0","0","0","0","0","0","0","0","0","0","0","0","0","0","0","0","0","0","0","0","0","0","0","0","0","0","0","0","0","0","0","0","0","0","0","0","0"
"2L",3718144,"2L_3718144_SNP","A","C",202,3,999,31,"0","0","0","0","0","0","0","0","0","0","0","0","0","0","0","0","0","0","0","0","0","0","0","0","0","0","0","0","0","0","0","0","0","0","0","0","0","0","0","0","0","0","0","0","0","0","0","0","0","0","0","0","0","0","0","0","0","0","0","0","0","0","0","0","0","0","0","0","0","0","0","0","0","0","0","0","0","0","0","0","0","0","0","0","0","0","0","0","0","0","0","0","0","0","0","0","0","0","0","0","0","0","0","0","0","0","0","0","0","0","0","0","0","0","0","0","0","0","0","0","0","0","0","0","0","2","0","0","0","0","0","0","0","0","0","0","0","0","0","0","0","0","2","0","0","0","0","0","0","0","0","0","0","0","0","0","0","0","0","0","0","0","0","0","0","0","0","2","0","0","0","0","0","0","0","0","0","0","0","0","0","0","0","0","0","0","0","0","0","0","0","0","0","0","0","0","0","0","0","0","0","0","0","0","0"
"2L",3718199,"2L_3718199_SNP","C","T",191,10,999,22,"0","0","0","0","0","0","0","2","0","0","0","0","0","0","0","0","0","0","0","-","0","0","0","0","0","0","0","0","0","0","0","0","0","0","0","0","0","0","0","0","0","0","0","0","0","0","0","0","2","0","0","-","0","-","2","0","0","0","0","0","0","0","0","0","0","0","2","0","0","0","0","0","0","0","0","0","0","0","0","0","0","0","0","0","0","0","0","0","0","0","0","0","0","-","0","0","0","0","0","0","0","0","0","0","0","0","0","0","0","0","0","0","0","0","2","0","0","0","0","0","0","0","0","0","0","0","0","0","2","0","0","0","0","0","0","0","0","0","0","0","0","0","0","0","0","0","2","0","0","0","0","0","0","0","0","0","0","0","0","0","0","0","2","0","0","0","0","0","0","0","0","0","0","0","0","0","0","0","0","0","0","0","0","0","0","0","0","0","0","0","0","0","0","0","2","0","0","0","0","2","0","0","0","0","0"
"2L",3718222,"2L_3718222_SNP","C","T",195,1,999,19,"0","0","0","0","0","0","0","0","-","0","0","0","0","0","0","0","0","0","0","0","0","0","-","0","0","0","0","0","0","0","0","0","0","0","0","0","0","0","0","0","0","0","0","0","0","0","0","0","0","0","0","0","0","0","0","0","0","0","0","2","0","0","0","0","0","0","0","0","0","0","-","0","0","0","0","0","0","0","0","0","0","0","0","0","0","0","0","0","0","0","0","0","0","0","-","0","0","0","-","0","0","0","0","0","0","0","0","0","0","0","0","0","0","0","0","0","0","0","0","0","0","0","0","0","0","0","0","0","0","0","0","0","0","-","0","0","0","0","0","0","0","0","0","0","0","0","0","0","0","0","0","0","0","0","0","0","0","0","0","0","0","0","0","0","0","0","0","0","0","0","-","0","0","0","0","0","0","0","0","0","0","0","0","0","-","0","0","0","0","0","0","0","0","0","0","0","-","0","0","0","0","0","0","0","0"
"2L",3718266,"2L_3718266_SNP","A","G",200,3,999,19,"0","0","0","0","0","2","0","0","0","0","0","0","0","0","0","0","0","0","0","0","0","0","0","0","0","0","0","0","0","0","0","0","0","0","0","0","0","0","0","0","0","0","0","0","0","0","0","0","0","0","0","0","0","0","0","0","0","0","0","0","0","0","0","0","0","0","0","0","0","0","0","0","0","0","0","0","0","0","0","0","0","0","0","0","0","0","0","0","0","0","0","0","0","0","0","0","0","0","0","0","0","0","0","0","0","0","0","0","0","0","0","0","0","2","0","0","0","0","0","0","0","0","0","0","-","0","0","0","0","0","0","0","0","0","2","0","0","0","0","0","0","0","0","0","0","0","0","0","0","0","0","0","0","0","0","0","0","0","0","0","0","0","0","0","0","0","-","0","0","0","0","0","0","0","0","0","0","0","0","0","0","0","0","0","0","0","0","0","0","0","0","0","0","0","0","0","0","0","0","0","0","0","0","0","0"
"2L",3718287,"2L_3718287_SNP","C","T",204,1,999,20,"0","0","0","0","0","0","0","0","0","0","0","0","0","0","0","0","0","0","0","0","0","0","0","0","0","0","0","0","0","0","0","0","0","0","0","0","0","0","0","0","0","0","0","0","0","0","0","0","0","0","0","0","0","0","0","0","0","0","0","0","0","0","0","0","0","0","0","0","0","0","0","0","0","0","0","0","0","0","0","0","0","0","0","0","0","0","0","0","0","0","0","0","0","0","0","0","0","0","0","0","0","0","0","0","0","0","0","0","0","0","0","0","0","0","0","0","0","0","0","0","0","0","0","0","2","0","0","0","0","0","0","0","0","0","0","0","0","0","0","0","0","0","0","0","0","0","0","0","0","0","0","0","0","0","0","0","0","0","0","0","0","0","0","0","0","0","0","0","0","0","0","0","0","0","0","0","0","0","0","0","0","0","0","0","0","0","0","0","0","0","0","0","0","0","0","0","0","0","0","0","0","0","0","0","0"
"2L",3718317,"2L_3718317_SNP","G","A",171,26,999,25,"0","0","0","0","0","0","0","2","0","0","0","0","0","0","0","0","2","0","-","2","0","0","0","0","0","-","0","0","0","0","2","0","0","0","0","0","0","0","0","0","0","0","0","0","0","0","0","0","2","2","0","2","-","-","2","0","0","0","0","0","0","0","0","0","0","0","2","0","0","0","0","0","0","2","2","0","0","0","0","0","2","0","0","0","0","0","0","0","0","0","0","0","0","2","0","-","0","0","0","2","0","0","0","0","0","0","0","2","0","-","0","0","0","0","2","-","0","0","0","0","0","0","0","0","0","0","0","2","-","0","0","0","0","0","0","0","0","2","0","2","2","0","0","0","0","0","2","0","0","0","2","0","0","0","0","0","0","0","0","0","0","0","2","0","0","0","0","0","0","0","0","0","0","0","0","0","0","0","0","0","0","0","2","0","0","0","0","0","0","0","0","0","0","0","2","0","0","0","0","2","0","0","0","0","0"
"2L",3718337,"2L_3718337_SNP","T","G",200,3,999,27,"0","0","0","0","0","0","0","0","0","0","0","0","0","0","0","0","0","0","0","0","0","0","0","0","0","0","0","0","0","0","0","0","2","0","0","0","0","0","0","0","0","0","0","0","0","0","0","0","0","0","0","0","0","0","0","0","0","0","0","0","0","0","0","0","0","0","0","0","0","0","0","0","0","0","0","0","0","0","0","0","0","0","0","2","0","0","0","0","0","0","0","0","-","0","0","0","0","0","0","0","0","0","0","0","0","0","0","0","0","0","0","0","0","0","0","0","0","0","0","0","0","0","0","0","0","0","0","0","0","0","0","0","0","0","0","0","0","0","0","0","0","0","0","0","0","-","0","0","0","0","0","0","0","0","0","0","0","0","0","0","0","0","0","0","0","0","0","0","0","0","0","0","0","0","0","0","0","0","0","0","0","0","0","0","0","0","0","0","0","0","0","2","0","0","0","0","0","0","0","0","0","0","0","0","0"
"2L",3718340,"2L_3718340_SNP","C","A",193,10,999,28,"2","0","0","0","0","0","0","0","0","0","0","0","0","0","0","0","0","0","0","0","0","0","0","0","2","-","0","0","2","0","0","0","0","0","2","0","0","0","0","0","0","0","0","0","0","0","0","0","0","0","0","0","0","0","0","0","0","0","0","0","0","0","0","0","0","0","0","0","0","-","0","0","0","0","0","0","0","0","0","0","0","0","0","0","0","0","0","0","0","0","0","0","0","0","0","0","0","0","0","0","0","0","0","0","0","0","0","0","0","0","0","0","0","0","0","0","0","0","0","0","0","2","0","0","0","2","0","0","0","0","0","0","0","0","0","0","0","0","0","0","0","0","2","0","0","0","0","0","0","0","0","0","0","0","0","0","0","0","0","2","2","0","0","0","0","0","0","2","0","0","0","0","0","0","0","0","0","0","0","0","0","0","0","0","0","0","0","0","0","0","0","0","0","0","0","0","0","0","0","0","0","0","0","0","0"
"2L",3718354,"2L_3718354_SNP","T","C",166,28,999,28,"0","0","0","0","0","0","0","2","0","0","2","0","0","0","0","0","2","0","-","2","0","0","0","0","0","-","0","0","0","0","2","0","0","0","0","0","0","0","0","0","0","0","0","0","0","0","0","2","2","2","0","2","-","-","2","0","0","0","0","0","0","0","0","0","0","0","2","0","0","0","0","0","0","2","2","-","0","0","0","0","2","0","0","0","0","0","0","0","0","0","0","0","-","2","0","-","0","0","0","-","0","0","0","0","0","0","0","2","0","-","0","0","0","0","2","-","0","0","0","0","0","0","0","0","0","0","0","2","2","0","0","0","0","0","0","0","0","2","0","2","-","0","0","0","0","0","2","0","0","0","2","0","0","0","0","0","0","0","0","0","0","0","2","0","0","0","0","0","0","0","0","0","0","0","0","0","0","0","0","0","0","0","2","0","0","0","0","0","0","0","0","0","0","0","2","0","0","0","2","2","0","0","0","0","0"
"2L",3718388,"2L_3718388_SNP","A","C",155,36,999,29,"2","0","0","0","0","0","0","2","0","0","2","0","0","0","0","0","2","0","-","2","0","0","0","0","2","-","0","0","2","0","2","0","0","0","2","0","0","0","0","0","0","0","0","0","0","0","0","2","2","2","0","2","-","-","2","0","0","0","0","-","0","0","0","0","0","0","2","0","0","0","0","0","0","2","2","-","0","0","0","0","2","0","0","0","0","0","0","0","0","0","0","0","-","2","0","-","0","-","0","2","0","0","0","0","0","0","0","2","0","-","0","0","0","0","2","-","0","0","0","0","0","2","0","0","0","0","0","2","2","0","0","0","0","0","0","0","0","2","0","-","-","0","2","0","0","0","2","0","0","0","2","0","0","0","0","0","0","0","0","2","2","0","2","0","0","0","0","2","0","0","0","0","0","0","0","0","0","0","0","0","0","0","2","0","0","0","0","0","0","0","0","0","0","0","2","0","0","0","-","2","0","0","0","0","0"
"2L",3718452,"2L_3718452_SNP","C","T",192,7,999,29,"0","0","0","0","0","0","0","0","0","0","0","0","0","0","0","0","0","0","0","-","0","0","0","0","0","0","0","0","0","0","0","0","0","0","0","0","0","0","0","0","0","0","0","0","0","0","0","0","0","0","0","0","-","0","0","0","0","0","0","0","0","0","0","0","0","0","0","0","0","0","0","0","0","2","2","0","0","0","0","0","-","0","0","0","0","0","0","0","0","0","0","0","0","0","0","-","0","0","0","2","0","0","0","0","0","0","0","2","0","-","0","0","0","0","0","-","0","0","0","0","0","0","0","0","0","0","0","0","0","0","0","0","0","0","0","0","0","0","0","2","2","0","0","0","0","0","0","0","0","0","0","0","0","0","0","0","0","0","0","0","0","0","0","0","0","0","0","0","0","0","0","0","0","0","0","0","0","0","0","0","0","0","2","0","0","0","0","0","0","0","0","0","0","0","0","0","0","0","0","0","0","0","0","0","0"
"2L",3718506,"2L_3718506_SNP","T","C",204,1,999,34,"0","0","0","0","0","0","0","0","0","0","0","0","0","0","0","0","0","0","0","0","0","0","0","0","0","0","0","0","0","0","0","0","0","0","0","0","0","0","0","0","0","0","0","0","0","0","0","0","0","0","0","0","0","0","0","0","0","0","0","0","0","0","0","0","0","0","0","0","0","0","0","0","0","0","0","0","0","0","0","0","0","0","0","0","0","0","0","0","0","0","0","0","0","0","0","0","0","0","0","0","0","0","0","0","0","0","0","0","0","0","0","0","0","0","0","0","0","0","0","0","0","0","0","0","0","0","0","0","0","0","0","0","0","0","0","0","0","0","0","0","0","0","0","0","0","0","0","0","0","0","0","0","0","0","0","0","0","0","0","0","0","0","0","0","0","0","0","0","0","0","0","0","0","0","0","0","0","0","0","0","0","0","0","0","0","0","0","0","0","0","0","0","0","0","0","0","0","0","0","0","0","0","2","0","0"
"2L",3718528,"2L_3718528_SNP","G","A",203,2,999,35,"0","0","0","0","0","0","0","0","0","0","0","0","0","0","0","0","0","0","0","0","0","0","0","0","0","0","0","0","0","0","0","0","0","0","0","0","0","0","0","0","0","0","0","0","0","0","0","0","0","0","0","0","0","0","0","0","0","0","2","0","0","0","0","0","0","0","0","0","0","0","0","0","0","0","0","0","0","0","0","0","0","0","0","0","0","0","0","0","0","0","0","0","0","0","0","0","0","0","0","0","0","0","0","0","0","0","0","0","0","0","0","0","0","0","0","0","0","0","0","0","0","0","0","2","0","0","0","0","0","0","0","0","0","0","0","0","0","0","0","0","0","0","0","0","0","0","0","0","0","0","0","0","0","0","0","0","0","0","0","0","0","0","0","0","0","0","0","0","0","0","0","0","0","0","0","0","0","0","0","0","0","0","0","0","0","0","0","0","0","0","0","0","0","0","0","0","0","0","0","0","0","0","0","0","0"
"2L",3718554,"2L_3718554_SNP","G","C",192,7,999,35,"0","2","0","0","2","0","0","0","0","0","0","0","0","0","0","0","0","0","0","0","0","0","-","0","0","0","0","0","0","0","0","0","0","0","0","0","0","0","0","0","0","0","0","0","0","2","0","0","0","0","0","0","0","0","0","0","0","0","0","2","0","0","0","0","0","0","0","0","0","0","-","0","0","0","0","0","0","0","0","0","0","2","0","0","0","0","0","0","0","0","0","0","0","0","0","0","0","0","0","0","0","0","0","0","0","0","0","0","0","0","0","0","0","0","0","0","0","0","0","2","0","0","0","0","0","0","0","0","0","0","0","0","0","-","0","0","0","0","0","0","-","0","0","0","0","0","0","0","0","0","0","0","0","0","0","0","0","2","0","0","0","0","0","0","0","0","0","0","0","0","-","0","0","0","0","0","0","0","0","0","0","0","0","0","-","0","0","0","0","0","0","0","0","0","0","0","0","0","0","0","0","0","0","0","0"
"2L",3718615,"2L_3718615_SNP","A","G",200,5,999,35,"0","2","0","0","0","0","0","0","0","0","0","0","0","0","0","0","0","0","0","0","0","0","0","0","0","0","0","0","0","0","0","0","0","0","0","0","0","0","0","0","0","0","0","0","0","2","0","0","0","0","0","0","0","0","0","0","0","0","0","0","0","0","0","0","0","0","0","0","0","0","0","0","0","0","0","0","0","0","0","0","0","2","0","0","0","0","0","0","0","0","0","0","0","0","0","0","0","0","0","0","0","0","0","0","0","0","0","0","0","0","0","0","0","0","0","0","0","0","0","2","0","0","0","0","0","0","0","0","0","0","0","0","0","0","0","0","0","0","0","0","0","0","0","0","0","0","0","0","0","0","0","0","0","0","0","0","0","2","0","0","0","0","0","0","0","0","0","0","0","0","0","0","0","0","0","0","0","0","0","0","0","0","0","0","0","0","0","0","0","0","0","0","0","0","0","0","0","0","0","0","0","0","0","0","0"
"2L",3718624,"2L_3718624_SNP","C","T",122,65,999,34,"0","2","0","0","2","0","0","2","2","2","0","0","0","0","0","0","2","2","-","-","0","0","2","0","0","-","2","0","0","0","2","2","2","0","0","2","0","0","2","0","0","2","2","0","0","2","0","-","2","2","0","2","-","2","2","2","2","2","2","2","0","0","0","0","0","0","2","0","0","0","-","0","2","0","0","0","0","0","0","0","0","2","0","2","0","0","0","2","2","0","2","0","-","2","2","0","0","2","-","0","0","2","2","0","0","2","0","0","0","0","0","0","2","0","2","-","0","0","0","2","-","0","0","2","0","0","-","0","2","0","0","0","0","-","0","0","2","0","0","0","0","2","0","2","2","2","2","0","0","0","2","2","0","2","0","0","0","2","2","0","0","2","2","0","0","2","0","0","0","0","-","-","0","0","0","0","2","0","0","0","-","0","0","0","-","0","0","-","2","0","0","2","0","0","2","0","0","0","0","2","2","0","0","-","0"
"2L",3718649,"2L_3718649_SNP","T","C",204,1,999,34,"0","0","0","0","0","0","0","0","0","0","0","0","0","0","0","0","0","0","0","0","0","0","0","0","0","0","0","0","0","0","0","0","0","0","0","0","0","0","0","0","0","0","0","0","0","0","0","0","0","0","0","0","0","0","0","0","0","0","0","0","0","0","0","0","0","0","0","0","0","0","0","0","0","0","0","0","0","0","0","0","0","0","0","0","0","0","0","0","0","0","0","0","0","0","0","0","0","0","0","0","0","0","0","0","0","0","0","0","0","0","0","0","0","0","0","0","0","0","0","0","0","0","0","0","0","0","0","0","0","0","0","2","0","0","0","0","0","0","0","0","0","0","0","0","0","0","0","0","0","0","0","0","0","0","0","0","0","0","0","0","0","0","0","0","0","0","0","0","0","0","0","0","0","0","0","0","0","0","0","0","0","0","0","0","0","0","0","0","0","0","0","0","0","0","0","0","0","0","0","0","0","0","0","0","0"
"2L",3718679,"2L_3718679_DEL","TGCGT","T",200,3,999,39,"0","0","0","0","0","0","0","0","0","0","0","0","0","0","0","0","0","0","0","0","0","0","0","0","0","0","2","0","0","0","0","0","0","0","0","-","0","0","0","0","0","0","0","0","0","0","0","0","0","0","0","0","0","0","0","0","0","0","0","0","0","0","0","0","0","0","0","0","0","0","0","0","-","0","0","0","0","0","0","0","0","0","0","0","0","0","0","0","0","0","0","0","0","0","0","0","0","0","0","0","0","0","2","0","0","2","0","0","0","0","0","0","0","0","0","0","0","0","0","0","0","0","0","0","0","0","0","0","0","0","0","0","0","0","0","0","0","0","0","0","0","0","0","0","0","0","0","0","0","0","0","0","0","0","0","0","0","0","0","0","0","0","0","0","0","0","0","0","0","0","0","0","0","0","0","0","0","0","0","0","0","0","0","0","0","0","0","0","0","0","0","0","0","0","0","0","0","0","0","0","0","0","0","0","0"
"2L",3718701,"2L_3718701_SNP","A","T",203,1,999,38,"0","0","0","0","0","0","0","0","0","0","0","0","0","0","0","0","0","0","0","-","0","0","0","0","0","0","0","0","0","0","0","0","0","0","0","0","0","0","0","0","0","0","0","0","0","0","0","0","0","0","0","0","0","0","0","0","0","0","0","0","0","0","0","0","0","0","2","0","0","0","0","0","0","0","0","0","0","0","0","0","0","0","0","0","0","0","0","0","0","0","0","0","0","0","0","0","0","0","0","0","0","0","0","0","0","0","0","0","0","0","0","0","0","0","0","0","0","0","0","0","0","0","0","0","0","0","0","0","0","0","0","0","0","0","0","0","0","0","0","0","0","0","0","0","0","0","0","0","0","0","0","0","0","0","0","0","0","0","0","0","0","0","0","0","0","0","0","0","0","0","0","0","0","0","0","0","0","0","0","0","0","0","0","0","0","0","0","0","0","0","0","0","0","0","0","0","0","0","0","0","0","0","0","0","0"
"2L",3718712,"2L_3718712_SNP","C","T",168,29,999,38,"0","0","0","0","0","0","0","2","0","2","0","0","0","0","0","0","-","0","0","-","0","0","0","0","0","-","0","0","0","0","2","0","0","0","0","0","0","0","0","0","0","2","0","0","0","0","0","-","2","2","0","-","0","-","2","0","0","2","0","0","0","0","0","0","0","0","2","0","0","0","-","0","0","0","0","0","0","0","2","0","0","0","2","0","0","0","0","0","0","0","0","0","0","2","2","0","0","0","0","0","0","0","0","0","0","0","0","0","0","0","0","0","0","0","2","0","0","0","0","0","0","0","0","0","0","0","0","2","2","0","0","2","0","0","0","0","0","0","0","0","0","2","0","2","0","0","2","0","0","0","2","0","0","0","0","0","0","0","2","0","0","2","2","0","0","0","0","0","0","0","0","2","0","0","0","0","0","0","0","0","0","0","0","0","0","0","0","-","2","0","0","0","0","0","2","0","0","0","0","2","2","0","0","0","0"
"2L",3718750,"2L_3718750_SNP","C","T",199,1,999,35,"0","0","0","0","0","0","0","0","0","0","0","0","0","0","0","0","0","0","0","0","0","0","-","0","0","0","0","0","0","0","0","0","0","0","0","0","0","0","0","0","0","0","0","0","0","0","0","0","0","0","0","0","0","0","0","0","0","0","0","2","0","0","0","0","0","0","0","0","0","0","-","0","0","0","0","0","0","0","0","0","0","0","0","0","0","0","0","0","0","0","0","0","0","0","0","0","0","0","0","0","0","0","0","0","0","0","0","0","0","0","0","0","0","0","0","0","0","0","0","0","0","0","0","0","0","0","0","0","0","0","0","0","0","-","0","0","0","0","0","0","0","0","0","0","0","0","0","0","0","0","0","0","0","0","0","0","0","0","0","0","0","0","0","0","0","0","0","0","0","0","-","0","0","0","0","0","0","0","0","0","0","0","0","0","-","0","0","0","0","0","0","0","0","0","0","0","0","0","0","0","0","0","0","0","0"
"2L",3718830,"2L_3718830_INS","T","TT",196,6,999,34,"0","0","0","0","0","0","0","0","0","0","0","0","2","0","0","0","0","0","0","0","0","0","0","0","0","0","0","0","0","0","0","0","0","0","0","0","0","0","0","0","0","0","0","0","0","0","0","0","0","0","0","0","0","0","0","0","0","0","0","0","0","0","0","0","0","0","-","0","0","0","0","0","0","0","0","0","0","0","0","0","0","0","0","0","0","0","0","0","0","0","0","2","0","0","0","0","0","0","0","0","0","0","0","0","0","0","0","0","-","0","0","0","0","0","0","0","2","0","0","0","0","0","0","0","0","2","0","0","0","0","0","0","0","0","0","0","0","0","0","0","0","0","0","0","0","0","0","0","-","0","0","0","0","0","0","0","0","0","0","0","0","0","0","0","0","0","2","0","0","0","0","0","0","0","0","0","0","0","0","0","0","0","0","0","0","0","0","0","0","0","0","0","0","0","0","0","0","0","0","0","0","0","0","2","0"
"2L",3718831,"2L_3718831_SNP","C","T",203,1,999,34,"0","0","0","0","0","0","0","0","0","0","0","0","0","-","0","0","0","0","0","0","0","0","0","0","0","0","0","0","0","0","0","0","0","0","0","0","0","0","0","0","0","0","0","0","0","0","0","0","0","0","0","0","0","0","0","0","0","0","0","0","0","0","0","0","0","2","0","0","0","0","0","0","0","0","0","0","0","0","0","0","0","0","0","0","0","0","0","0","0","0","0","0","0","0","0","0","0","0","0","0","0","0","0","0","0","0","0","0","0","0","0","0","0","0","0","0","0","0","0","0","0","0","0","0","0","0","0","0","0","0","0","0","0","0","0","0","0","0","0","0","0","0","0","0","0","0","0","0","0","0","0","0","0","0","0","0","0","0","0","0","0","0","0","0","0","0","0","0","0","0","0","0","0","0","0","0","0","0","0","0","0","0","0","0","0","0","0","0","0","0","0","0","0","0","0","0","0","0","0","0","0","0","0","0","0"
"2L",3718834,"2L_3718834_SNP","T","G",159,37,999,34,"0","0","0","0","0","0","0","2","0","2","0","0","0","0","0","0","2","0","0","-","0","0","0","0","0","-","0","0","0","0","2","0","0","0","0","0","0","0","0","0","0","0","0","0","0","0","0","-","2","2","0","2","0","-","2","0","0","2","0","0","0","0","0","0","0","0","2","0","0","0","0","0","0","0","0","0","2","2","2","0","0","0","2","0","2","0","0","0","0","0","0","0","0","2","2","-","0","2","0","0","0","0","0","0","0","0","0","0","0","0","2","0","0","0","2","0","0","0","0","0","0","0","0","0","0","0","0","-","2","0","0","2","0","0","0","0","0","0","0","0","0","2","0","2","0","0","2","0","2","0","2","0","0","0","0","0","0","0","2","0","0","-","2","0","0","0","0","0","2","0","0","2","0","0","0","0","0","0","0","0","2","2","0","0","-","0","0","-","2","0","0","0","0","0","2","0","0","0","0","2","2","0","0","0","0"
"2L",3718837,"2L_3718837_SNP","C","T",203,2,999,34,"0","0","0","0","0","0","0","0","0","0","0","0","0","0","0","0","0","0","0","0","0","0","0","0","0","0","0","0","0","0","0","0","0","0","0","0","0","0","0","0","0","0","0","0","0","0","0","0","0","0","0","0","0","0","0","0","0","0","0","0","0","2","0","0","0","0","0","0","2","0","0","0","0","0","0","0","0","0","0","0","0","0","0","0","0","0","0","0","0","0","0","0","0","0","0","0","0","0","0","0","0","0","0","0","0","0","0","0","0","0","0","0","0","0","0","0","0","0","0","0","0","0","0","0","0","0","0","0","0","0","0","0","0","0","0","0","0","0","0","0","0","0","0","0","0","0","0","0","0","0","0","0","0","0","0","0","0","0","0","0","0","0","0","0","0","0","0","0","0","0","0","0","0","0","0","0","0","0","0","0","0","0","0","0","0","0","0","0","0","0","0","0","0","0","0","0","0","0","0","0","0","0","0","0","0"
"2L",3718849,"2L_3718849_SNP","G","C",104,84,999,32,"0","0","0","0","0","0","0","2","2","2","0","0","2","0","0","0","2","2","-","-","0","2","0","2","0","-","0","0","0","0","2","2","2","2","-","2","0","0","0","0","0","0","2","0","0","0","0","-","2","2","0","2","-","2","2","2","0","2","2","0","0","0","2","0","0","0","2","0","0","0","-","-","2","0","0","0","2","2","2","-","0","0","2","2","2","0","0","2","0","0","2","2","-","2","2","-","0","2","0","0","2","2","0","0","0","0","-","0","2","0","2","0","2","0","2","-","2","0","2","0","2","2","0","2","2","2","2","2","2","2","0","2","0","0","0","2","2","0","0","0","0","2","0","2","2","2","2","0","2","0","2","2","0","2","2","0","0","0","2","2","2","-","2","0","0","0","2","0","2","0","0","2","0","0","0","-","2","0","0","0","2","2","0","0","-","0","0","-","2","2","0","2","0","0","2","0","0","0","0","2","2","0","0","2","0"
"2L",3718863,"2L_3718863_SNP","C","A",200,3,999,30,"0","0","0","0","0","0","0","0","0","0","0","0","0","0","0","0","0","0","0","0","0","0","0","0","0","0","0","0","0","0","0","0","-","0","0","0","0","0","0","0","0","0","0","0","0","0","0","0","0","0","0","0","0","0","0","0","0","0","0","0","0","0","0","0","0","0","0","0","0","0","0","0","0","0","0","0","0","0","0","0","0","0","0","2","0","0","0","0","0","0","0","0","-","0","0","0","0","0","0","0","0","0","0","0","0","0","0","0","0","0","0","0","0","0","0","0","0","0","0","0","0","0","0","0","0","0","0","0","0","0","0","0","0","0","0","0","0","0","0","0","0","0","0","0","0","2","0","0","0","0","0","0","0","0","0","0","0","0","0","0","0","0","0","0","0","0","0","0","0","0","0","0","0","0","0","0","0","0","0","0","0","0","0","0","0","0","0","0","0","0","0","2","0","0","0","0","0","0","0","0","0","0","0","0","0"
"2L",3718864,"2L_3718864_SNP","C","T",170,26,999,30,"0","0","0","0","0","0","0","0","0","0","0","0","0","0","0","0","0","2","-","0","0","0","0","0","0","0","0","0","0","0","0","2","-","0","0","2","0","0","0","0","0","0","2","0","0","0","0","0","0","0","0","0","-","-","0","2","0","0","2","0","0","0","0","0","0","0","0","0","0","0","0","0","2","0","0","0","0","0","0","0","0","0","0","2","0","0","0","2","0","0","2","0","-","0","0","0","0","0","0","0","0","2","0","0","0","0","0","0","0","0","0","0","2","0","0","-","0","0","0","0","-","2","0","2","2","0","-","0","0","2","0","0","0","0","0","0","2","0","0","0","0","0","0","0","2","2","0","0","0","0","0","2","0","2","-","0","0","0","0","2","2","0","0","0","0","0","0","0","0","0","0","0","0","0","0","0","2","0","0","0","0","0","0","0","0","0","0","0","0","2","0","2","0","0","0","0","0","0","0","0","0","0","0","0","0"
"2L",3718969,"2L_3718969_SNP","T","A",170,23,999,27,"0","0","0","0","0","0","0","0","2","0","0","0","0","-","0","0","0","2","-","0","0","0","0","0","0","0","0","0","0","0","0","2","2","0","0","-","0","0","0","0","0","0","2","0","0","0","0","0","0","0","0","0","-","-","0","2","0","0","0","0","0","0","0","0","0","0","0","0","0","0","0","0","2","0","0","0","0","0","0","0","0","0","0","2","0","0","0","2","0","0","2","0","-","0","0","0","0","0","0","0","0","2","0","0","0","0","0","0","0","0","0","0","2","0","0","-","0","0","0","0","-","2","0","0","2","0","-","0","0","2","0","0","0","0","0","0","2","0","0","0","0","0","0","0","-","2","0","0","0","0","0","2","0","2","2","0","0","0","0","-","-","0","0","0","0","0","0","0","0","0","0","0","0","0","0","0","2","0","0","0","0","0","0","0","0","0","0","0","0","2","0","2","0","0","0","0","0","0","0","0","0","0","0","0","0"
"2L",3718990,"2L_3718990_SNP","C","A",169,25,999,29,"0","0","0","0","0","0","0","0","2","0","0","0","0","0","0","0","0","-","-","0","0","0","0","0","0","0","0","0","0","0","0","2","-","0","0","2","0","0","0","0","0","0","2","0","0","0","0","0","0","0","0","0","-","-","0","2","0","0","0","0","0","0","0","0","0","0","0","0","0","0","0","0","2","0","0","0","0","0","0","0","0","0","0","2","0","0","0","2","0","0","2","0","-","0","0","0","0","0","0","0","0","2","0","0","0","0","0","0","0","0","0","0","2","0","-","-","0","0","0","0","-","2","0","0","2","0","-","0","-","2","0","0","0","0","0","0","2","0","0","0","0","0","0","0","2","2","0","0","0","0","0","2","0","2","2","0","0","0","0","2","2","0","0","0","0","0","0","0","0","0","0","0","0","0","0","0","2","0","0","0","0","0","0","0","0","0","0","0","0","2","0","2","0","0","0","0","0","0","0","0","0","0","0","0","0"
"2L",3719027,"2L_3719027_SNP","T","G",166,30,999,30,"0","0","0","0","0","0","0","2","0","2","0","0","2","0","0","0","2","0","0","-","0","0","0","0","0","-","0","0","0","0","-","0","0","0","0","0","0","0","0","0","0","0","0","0","0","0","0","-","-","2","0","2","0","-","2","0","0","2","0","0","0","0","0","0","0","0","2","0","0","0","0","0","0","0","0","0","0","0","2","0","0","0","2","0","0","0","0","0","0","0","0","2","0","2","-","0","0","0","0","0","0","0","0","0","0","0","0","0","0","0","0","0","0","0","2","0","0","0","0","0","0","0","0","0","0","2","0","2","2","0","0","2","0","0","0","0","0","0","0","0","0","2","0","2","0","0","2","0","0","0","2","0","0","0","0","0","0","0","2","0","0","-","2","0","0","0","2","0","0","0","0","2","0","0","0","0","0","0","0","0","0","0","0","0","0","0","0","-","2","0","0","0","0","0","2","0","0","0","0","2","2","0","0","0","0"
"2L",3719043,"2L_3719043_SNP","T","A",81,111,999,30,"2","2","2","0","2","0","0","2","0","2","2","0","2","2","0","2","2","0","-","2","0","2","2","2","0","2","2","2","0","2","2","0","0","2","2","0","2","0","2","2","2","0","0","2","0","2","0","2","2","2","2","2","-","-","2","0","2","2","2","2","0","2","2","0","0","2","2","0","2","0","2","2","0","2","-","2","2","2","2","0","2","2","2","0","2","0","0","0","2","0","0","2","-","2","2","2","0","2","0","2","2","0","2","0","0","2","2","2","2","-","2","0","0","0","2","0","2","0","2","0","-","0","0","2","0","2","-","2","2","0","2","2","0","-","0","2","0","2","0","2","2","2","0","2","0","0","2","0","2","0","2","0","2","0","0","0","2","0","2","0","0","-","2","2","2","2","2","0","2","0","-","2","2","2","2","-","0","0","0","0","2","2","2","0","2","0","0","-","2","2","0","0","0","0","2","0","0","2","2","2","2","0","0","2","0"
"2L",3719072,"2L_3719072_SNP","G","T",199,4,999,31,"0","0","0","0","0","0","0","0","0","0","0","0","0","0","0","0","0","0","0","0","0","0","0","0","0","0","0","0","0","0","0","0","0","0","0","0","0","0","0","0","0","0","0","0","0","0","0","0","0","0","0","0","0","0","0","0","0","0","0","0","0","0","0","0","0","0","0","0","0","0","0","0","0","0","0","0","0","0","0","0","0","0","0","0","-","0","0","0","0","0","0","0","0","0","0","0","0","0","0","0","0","0","0","0","0","0","0","0","0","0","0","0","0","0","0","0","0","0","0","0","0","0","0","0","0","0","0","0","0","0","0","0","0","0","0","0","0","0","0","0","0","0","0","0","0","0","0","0","2","0","0","0","0","0","0","0","0","0","0","0","0","0","0","0","0","0","0","0","2","0","0","0","0","0","0","0","0","0","0","0","2","2","0","0","-","0","0","0","0","0","0","0","0","0","0","0","0","0","0","0","0","0","0","0","0"
"2L",3719112,"2L_3719112_SNP","C","T",201,4,999,33,"0","0","0","0","0","0","0","0","0","0","0","0","2","0","0","0","0","0","0","0","0","0","0","0","0","0","0","0","0","0","0","0","0","0","0","0","0","0","0","0","0","0","0","0","0","0","0","0","0","0","0","0","0","0","0","0","0","0","0","0","0","0","0","0","0","0","0","0","0","0","0","0","0","0","0","0","0","0","0","0","0","0","0","0","0","0","0","0","0","0","0","2","0","0","0","0","0","0","0","0","0","0","0","0","0","0","0","0","0","0","0","0","0","0","0","0","0","0","0","0","0","0","0","0","0","2","0","0","0","0","0","0","0","0","0","0","0","0","0","0","0","0","0","0","0","0","0","0","0","0","0","0","0","0","0","0","0","0","0","0","0","0","0","0","0","0","2","0","0","0","0","0","0","0","0","0","0","0","0","0","0","0","0","0","0","0","0","0","0","0","0","0","0","0","0","0","0","0","0","0","0","0","0","0","0"
"2L",3719120,"2L_3719120_SNP","G","T",180,16,999,33,"0","2","0","0","2","0","0","0","0","0","0","0","0","0","-","0","0","0","0","0","0","2","0","-","0","0","0","0","0","0","0","0","0","2","0","0","0","0","0","0","0","0","0","0","0","2","0","0","0","0","0","0","0","0","0","0","0","0","0","0","0","0","0","0","0","0","0","0","0","0","0","-","0","0","0","0","2","2","0","0","0","2","0","0","2","0","0","0","0","0","0","0","0","0","0","-","0","0","0","0","2","0","0","0","0","0","-","0","0","0","2","0","0","0","0","0","0","0","0","0","-","0","0","0","0","0","-","0","0","0","0","0","0","0","0","2","0","0","0","0","0","0","0","0","0","0","0","0","2","0","0","0","0","0","0","0","0","0","0","0","0","0","0","0","0","0","0","0","2","0","0","0","0","0","0","-","0","0","0","0","2","2","0","0","-","0","0","0","0","0","0","0","0","0","0","0","0","0","0","0","0","0","0","0","0"
"2L",3719125,"2L_3719125_SNP","T","C",64,131,999,33,"2","2","2","2","2","0","0","2","2","0","2","0","2","2","0","2","2","2","2","2","0","2","2","2","0","2","2","2","0","2","2","0","2","2","2","2","2","0","2","2","-","0","0","2","0","2","0","2","2","2","2","2","2","2","2","2","2","0","2","2","0","0","2","0","0","2","2","0","2","0","2","2","2","2","2","2","2","2","0","0","2","2","-","2","2","0","0","2","2","0","2","2","2","2","0","2","0","2","0","2","2","2","2","0","0","2","2","2","2","-","2","0","2","0","2","-","2","0","2","0","2","2","0","2","0","2","2","2","2","2","2","0","0","-","0","2","0","2","0","2","2","2","0","0","2","2","2","2","2","2","2","2","2","2","2","0","2","0","0","2","2","-","2","2","2","2","2","0","2","-","-","-","2","2","2","-","2","0","2","0","2","2","2","0","2","0","0","0","0","2","0","2","0","0","2","0","0","2","2","2","0","0","0","2","0"
"2L",3719136,"2L_3719136_SNP","G","A",202,3,999,33,"0","0","0","0","0","0","0","0","0","0","0","0","0","0","0","0","0","0","0","0","0","0","0","0","0","0","0","0","0","0","0","0","0","0","0","0","0","0","0","0","0","0","0","0","0","0","0","0","0","0","0","0","0","0","0","0","0","0","0","0","0","0","0","0","0","0","0","0","0","0","0","0","0","0","0","0","0","0","0","0","0","0","0","0","0","0","0","0","0","0","0","0","0","0","0","0","0","0","0","0","0","0","0","0","0","0","0","0","2","0","0","0","0","0","0","0","2","0","0","0","0","0","0","0","0","0","0","0","0","0","0","0","0","0","0","0","0","0","0","0","0","0","0","0","0","0","0","0","0","0","0","0","0","0","0","0","0","0","0","0","0","0","0","0","0","0","0","0","0","0","0","0","0","0","0","0","0","0","0","0","0","0","0","0","0","0","0","0","0","0","0","0","0","0","0","0","0","0","0","0","0","0","0","2","0"
"2L",3719155,"2L_3719155_SNP","G","A",146,41,999,33,"0","0","0","0","0","0","0","0","0","0","0","0","2","0","0","0","2","2","0","-","0","0","0","0","0","-","0","0","0","0","2","0","2","0","0","2","0","0","0","0","0","0","0","0","0","0","0","-","0","2","0","0","2","-","0","2","0","0","0","0","0","0","0","0","0","0","0","0","2","-","0","0","0","2","2","0","0","0","0","-","2","0","0","2","0","0","0","2","0","0","2","2","-","0","0","-","0","0","0","2","0","2","0","0","0","0","0","2","0","-","0","0","2","0","0","-","0","0","0","0","-","2","0","0","2","2","-","2","0","2","0","0","0","0","0","0","0","0","0","2","2","2","0","0","2","2","0","2","0","2","2","2","0","2","2","0","0","0","0","2","-","-","0","0","0","0","2","0","0","-","0","-","0","0","0","0","2","0","-","0","0","0","-","0","0","0","0","0","0","0","0","2","0","0","0","0","0","0","0","0","0","0","0","0","0"
"2L",3719191,"2L_3719191_SNP","A","T",150,44,999,33,"0","0","0","0","0","0","0","0","0","0","0","0","0","0","0","0","0","0","-","-","0","0","0","0","2","0","-","0","2","0","0","2","2","0","0","2","0","0","0","0","0","0","2","0","0","0","0","0","0","0","0","0","2","-","0","2","0","0","0","0","2","0","0","0","0","0","0","0","2","0","0","0","0","2","2","0","0","0","0","0","2","0","0","2","0","0","0","2","0","0","2","2","-","0","0","-","0","0","0","2","0","2","0","0","0","0","0","2","0","-","0","0","2","0","0","-","0","2","0","2","-","2","0","0","2","0","-","0","0","-","0","0","0","0","0","0","2","0","0","2","2","0","2","0","2","2","0","2","0","2","0","2","0","2","2","0","0","2","0","2","2","0","0","0","0","0","0","2","0","0","0","0","0","0","0","0","2","0","2","0","0","0","2","0","0","0","0","0","0","0","0","2","0","0","0","0","0","0","0","0","0","0","0","0","0"
"2L",3719246,"2L_3719246_SNP","G","A",204,1,999,35,"0","0","0","0","0","0","0","0","0","0","0","0","0","0","0","0","0","0","0","0","0","0","0","0","0","0","0","0","0","0","0","0","0","0","0","0","0","0","0","0","0","0","0","0","0","0","0","0","0","0","0","0","0","0","0","0","0","0","0","0","0","0","0","0","0","0","0","0","0","0","0","0","0","0","0","0","0","0","0","0","0","0","0","0","0","0","0","0","0","0","0","0","0","0","0","0","0","0","0","0","0","0","0","0","0","0","0","0","0","0","0","0","0","0","0","0","0","0","0","0","0","0","0","0","0","2","0","0","0","0","0","0","0","0","0","0","0","0","0","0","0","0","0","0","0","0","0","0","0","0","0","0","0","0","0","0","0","0","0","0","0","0","0","0","0","0","0","0","0","0","0","0","0","0","0","0","0","0","0","0","0","0","0","0","0","0","0","0","0","0","0","0","0","0","0","0","0","0","0","0","0","0","0","0","0"
"2L",3719278,"2L_3719278_SNP","C","T",204,1,999,35,"0","0","0","0","0","0","0","0","0","0","0","0","0","0","0","0","0","0","0","0","0","0","0","0","0","0","0","0","0","0","0","0","0","0","0","0","0","0","0","0","0","0","0","0","0","0","0","0","0","0","0","0","0","0","0","0","0","0","0","0","0","0","0","0","0","0","0","0","0","0","0","0","0","0","0","0","0","0","0","0","0","0","0","0","0","0","0","0","0","0","0","0","0","0","0","0","0","0","0","0","0","0","0","0","0","0","0","0","0","0","0","2","0","0","0","0","0","0","0","0","0","0","0","0","0","0","0","0","0","0","0","0","0","0","0","0","0","0","0","0","0","0","0","0","0","0","0","0","0","0","0","0","0","0","0","0","0","0","0","0","0","0","0","0","0","0","0","0","0","0","0","0","0","0","0","0","0","0","0","0","0","0","0","0","0","0","0","0","0","0","0","0","0","0","0","0","0","0","0","0","0","0","0","0","0"
"2L",3719289,"2L_3719289_SNP","T","C",190,11,999,35,"0","0","0","0","0","0","0","2","0","0","0","0","0","0","0","0","0","0","0","-","0","0","0","0","0","0","0","0","0","0","0","0","0","0","0","0","0","0","0","0","0","0","0","0","0","0","0","-","2","0","0","2","0","-","2","0","0","0","0","0","0","0","0","0","0","0","2","0","0","0","0","0","2","0","0","0","0","0","0","0","0","0","0","0","0","0","0","0","0","0","0","0","0","0","0","0","0","0","0","0","0","0","0","0","0","0","0","0","0","0","0","0","0","0","2","0","0","0","0","0","0","0","0","0","0","0","0","0","-","0","0","0","0","0","0","0","0","0","0","0","0","0","0","0","0","0","2","0","0","0","0","0","0","0","0","0","0","0","0","0","0","0","2","0","0","0","0","0","0","0","0","0","0","0","0","0","0","0","0","0","0","0","0","0","0","0","0","0","0","0","0","0","0","0","2","0","0","0","0","2","0","0","0","0","0"
"2L",3719299,"2L_3719299_SNP","G","A",197,8,999,34,"0","0","0","0","0","0","0","0","0","0","0","0","0","0","0","0","0","0","0","0","0","0","0","0","0","0","2","0","0","0","0","0","0","0","0","0","0","0","2","0","0","0","0","0","0","0","0","0","0","0","0","0","0","0","0","0","2","0","0","0","0","0","0","0","0","0","0","0","0","0","0","0","0","0","0","0","0","0","0","0","0","0","0","0","0","0","0","0","2","0","0","0","0","0","0","0","0","0","0","0","0","0","2","0","0","2","0","0","0","0","2","0","0","0","0","0","0","0","0","0","0","0","0","0","0","0","0","0","0","0","0","0","0","0","0","0","0","0","0","0","0","0","0","0","0","0","0","0","0","0","0","0","0","0","0","0","0","0","0","0","0","0","0","0","0","2","0","0","0","0","0","0","0","0","0","0","0","0","0","0","0","0","0","0","0","0","0","0","0","0","0","0","0","0","0","0","0","0","0","0","0","0","0","0","0"
"2L",3719315,"2L_3719315_DEL","AAGCCTCATGAAAA","A",200,1,999,35,"0","0","0","0","0","0","0","0","0","0","0","0","0","0","0","0","0","0","0","0","0","0","0","0","0","-","0","0","0","0","0","0","0","0","0","0","0","0","0","0","0","0","0","0","0","0","0","-","0","2","0","0","0","0","0","0","0","0","0","0","0","0","0","0","0","0","0","0","0","0","0","0","0","0","0","0","0","0","0","0","0","0","0","0","0","0","0","0","0","0","0","0","0","0","0","0","0","0","0","0","0","0","0","0","0","0","0","0","0","0","0","0","0","0","0","0","0","0","0","0","0","0","0","0","0","0","0","-","0","0","0","0","0","0","0","0","0","0","0","0","0","0","0","0","0","0","0","0","0","0","-","0","0","0","0","0","0","0","0","0","0","0","0","0","0","0","0","0","0","0","0","0","0","0","0","0","0","0","0","0","0","0","0","0","0","0","0","0","0","0","0","0","0","0","0","0","0","0","0","0","0","0","0","0","0"
"2L",3719325,"2L_3719325_SNP","A","G",194,3,999,31,"0","0","0","0","0","0","0","0","0","0","2","0","0","0","0","0","0","0","-","0","0","0","0","0","0","-","0","0","0","0","0","0","0","0","0","0","0","0","0","0","0","0","0","0","0","0","0","-","0","-","0","0","0","0","0","0","0","0","0","0","0","0","0","0","0","0","0","0","0","0","0","0","0","0","0","-","0","0","0","0","0","0","0","0","0","0","0","0","0","0","0","0","-","0","0","0","0","0","0","0","0","0","0","0","0","0","0","0","0","0","0","0","0","0","0","0","0","0","0","0","0","0","0","0","0","0","0","-","0","0","0","0","0","0","0","0","0","2","0","0","0","0","0","0","0","0","0","0","0","0","-","0","0","0","0","0","0","0","0","0","0","0","0","0","0","0","0","0","0","0","0","0","0","0","0","0","0","0","0","0","0","0","0","0","0","0","0","0","0","0","0","0","0","0","0","0","0","0","2","0","0","0","0","0","0"
"2L",3719405,"2L_3719405_SNP","G","A",196,4,999,27,"0","0","0","0","2","0","0","0","0","0","2","0","0","0","0","0","0","0","-","0","0","0","0","0","0","0","0","0","0","0","0","0","0","0","0","-","0","0","0","0","0","0","0","0","0","0","0","-","0","0","0","0","0","0","0","0","0","0","0","0","0","0","0","0","0","0","0","0","0","0","0","0","0","0","0","-","0","0","0","0","0","0","0","0","0","0","0","0","0","0","0","0","-","0","0","0","0","0","0","0","0","0","0","0","0","0","0","0","0","0","0","0","0","0","0","0","0","0","0","0","0","0","0","0","0","0","0","0","0","0","0","0","0","0","0","0","0","2","0","0","0","0","0","0","0","0","0","0","0","0","0","0","0","0","0","0","0","0","0","0","0","0","0","0","0","0","0","0","0","0","0","0","0","0","0","0","0","0","0","0","0","0","0","0","0","0","0","0","0","0","0","0","0","0","0","0","0","0","2","0","0","0","0","0","0"
"2L",3719505,"2L_3719505_SNP","G","T",204,1,999,30,"0","0","0","0","0","0","0","0","0","0","0","0","0","0","0","0","0","0","0","0","0","0","0","0","0","0","0","0","0","0","0","0","0","0","0","0","0","0","0","0","0","0","0","0","0","0","0","0","0","0","0","0","0","0","0","0","0","0","0","0","0","0","0","0","0","0","0","0","0","0","0","0","0","0","0","0","0","0","0","0","0","0","0","0","0","0","0","0","0","0","0","0","0","0","0","0","0","0","0","0","0","0","0","0","0","0","0","0","0","0","0","0","0","0","0","0","0","2","0","0","0","0","0","0","0","0","0","0","0","0","0","0","0","0","0","0","0","0","0","0","0","0","0","0","0","0","0","0","0","0","0","0","0","0","0","0","0","0","0","0","0","0","0","0","0","0","0","0","0","0","0","0","0","0","0","0","0","0","0","0","0","0","0","0","0","0","0","0","0","0","0","0","0","0","0","0","0","0","0","0","0","0","0","0","0"
"2L",3719522,"2L_3719522_SNP","C","T",202,1,999,31,"0","0","0","0","0","0","0","0","0","0","0","0","0","0","0","0","0","0","0","0","0","0","0","0","0","0","0","0","0","0","0","0","0","0","0","0","0","0","0","0","0","0","0","0","0","0","0","0","0","0","0","0","0","0","0","0","0","0","0","0","0","0","0","0","0","0","0","0","0","0","-","-","0","0","0","0","0","0","0","0","0","0","0","0","0","0","0","0","0","0","0","0","0","0","0","0","0","0","0","0","0","0","0","0","0","0","0","0","0","0","0","0","0","0","0","0","0","0","0","0","0","0","0","0","0","0","0","0","0","0","0","0","0","0","0","0","0","0","0","0","0","0","0","0","0","0","0","0","0","0","0","0","2","0","0","0","0","0","0","0","0","0","0","0","0","0","0","0","0","0","0","0","0","0","0","0","0","0","0","0","0","0","0","0","0","0","0","0","0","0","0","0","0","0","0","0","0","0","0","0","0","0","0","0","0"
"2L",3719556,"2L_3719556_SNP","C","A",193,6,999,31,"0","0","0","0","2","0","0","0","0","0","0","0","0","0","0","0","2","0","0","0","0","0","0","0","0","-","0","0","0","0","2","0","0","0","0","0","0","0","0","0","0","0","0","0","0","0","0","-","0","2","2","0","0","0","0","0","0","0","0","0","0","0","0","0","0","0","0","0","0","0","0","0","0","0","0","-","0","0","0","-","0","0","0","0","0","0","0","0","0","0","0","0","0","0","0","0","0","0","0","0","0","0","0","0","0","0","0","0","0","0","0","0","0","0","0","0","0","0","0","0","0","0","0","0","0","0","0","-","0","0","0","0","0","0","0","0","0","0","0","0","0","0","0","0","0","0","0","0","0","0","2","0","0","0","0","0","0","0","0","0","0","0","0","0","-","0","0","0","0","0","0","0","0","0","0","0","0","0","0","0","0","0","0","0","0","0","0","0","0","0","0","0","0","0","0","0","0","0","0","0","0","0","0","0","0"
"2L",3719576,"2L_3719576_SNP","C","T",204,1,999,31,"0","0","0","0","2","0","0","0","0","0","0","0","0","0","0","0","0","0","0","0","0","0","0","0","0","0","0","0","0","0","0","0","0","0","0","0","0","0","0","0","0","0","0","0","0","0","0","0","0","0","0","0","0","0","0","0","0","0","0","0","0","0","0","0","0","0","0","0","0","0","0","0","0","0","0","0","0","0","0","0","0","0","0","0","0","0","0","0","0","0","0","0","0","0","0","0","0","0","0","0","0","0","0","0","0","0","0","0","0","0","0","0","0","0","0","0","0","0","0","0","0","0","0","0","0","0","0","0","0","0","0","0","0","0","0","0","0","0","0","0","0","0","0","0","0","0","0","0","0","0","0","0","0","0","0","0","0","0","0","0","0","0","0","0","0","0","0","0","0","0","0","0","0","0","0","0","0","0","0","0","0","0","0","0","0","0","0","0","0","0","0","0","0","0","0","0","0","0","0","0","0","0","0","0","0"
"2L",3719586,"2L_3719586_SNP","C","T",203,2,999,30,"0","0","0","0","0","0","0","0","0","0","0","0","0","0","0","0","0","0","0","0","0","0","0","0","0","0","0","0","0","0","0","0","0","0","0","0","0","0","0","0","0","0","0","0","0","0","0","0","0","0","0","0","0","0","0","0","0","0","0","0","0","0","0","0","0","0","0","0","0","0","0","0","0","0","0","0","0","0","0","0","0","0","0","0","0","0","0","0","0","0","0","0","0","0","0","0","0","0","0","0","0","0","0","0","0","0","0","0","0","0","0","0","0","0","0","0","0","0","0","0","0","0","0","0","0","0","0","0","0","0","0","0","0","0","0","0","0","0","0","0","0","0","2","0","0","0","0","0","0","0","0","0","0","0","0","0","0","0","0","0","0","0","0","0","0","0","0","2","0","0","0","0","0","0","0","0","0","0","0","0","0","0","0","0","0","0","0","0","0","0","0","0","0","0","0","0","0","0","0","0","0","0","0","0","0"
"2L",3719591,"2L_3719591_SNP","A","G",200,3,999,30,"0","0","0","0","0","0","0","0","0","0","0","0","0","0","0","0","0","0","0","0","0","0","0","0","0","0","0","0","0","0","0","0","0","0","0","0","0","0","0","0","0","0","0","0","0","0","0","0","0","0","0","0","0","-","0","2","0","0","0","0","0","2","0","0","0","0","0","0","2","0","0","0","0","0","0","0","0","0","0","0","0","0","0","0","0","0","0","0","0","0","0","0","0","0","0","0","0","0","0","0","0","0","0","0","0","0","0","0","0","0","0","0","0","0","0","-","0","0","0","0","0","0","0","0","0","0","0","0","0","0","0","0","0","0","0","0","0","0","0","0","0","0","0","0","0","0","0","0","0","0","0","0","0","0","0","0","0","0","0","0","0","0","0","0","0","0","0","0","0","0","0","0","0","0","0","0","0","0","0","0","0","0","0","0","0","0","0","0","0","0","0","0","0","0","0","0","0","0","0","0","0","0","0","0","0"
"2L",3719597,"2L_3719597_SNP","C","G",190,7,999,30,"0","0","0","0","2","0","0","0","0","0","0","0","0","0","0","0","2","0","0","0","0","0","0","0","0","-","0","0","0","0","2","0","0","0","0","-","0","0","0","0","0","0","0","0","0","0","0","-","0","2","2","0","0","0","0","0","0","0","0","0","0","0","0","0","0","0","0","0","0","0","0","0","0","0","0","-","0","0","0","0","0","0","0","0","0","0","0","0","0","0","-","0","0","0","0","0","0","0","0","0","0","-","0","0","0","0","0","0","0","0","0","0","0","0","0","0","0","0","0","0","0","0","0","0","-","0","0","2","0","0","0","0","0","0","0","0","0","0","0","0","0","0","0","0","0","0","0","0","0","0","2","-","0","0","0","0","0","0","0","0","0","0","0","0","0","0","0","0","0","0","0","0","0","0","0","0","0","0","0","0","0","0","0","0","0","0","0","0","0","0","0","0","0","0","0","0","0","0","0","0","0","0","0","0","0"
"2L",3719598,"2L_3719598_SNP","A","T",195,8,999,30,"0","0","0","0","2","0","0","0","0","0","0","0","0","0","0","0","2","0","0","0","0","0","0","0","0","2","0","0","0","0","2","0","0","0","0","0","0","0","0","0","0","0","0","0","0","0","0","-","0","2","2","0","0","0","0","0","0","0","0","0","0","0","0","0","0","0","0","0","0","0","0","0","0","0","0","-","0","0","0","0","0","0","0","0","0","0","0","0","0","0","0","0","0","0","0","0","0","0","0","0","0","0","0","0","0","0","0","0","0","0","0","0","0","0","0","0","0","0","0","0","0","0","0","0","0","0","0","2","0","0","0","0","0","0","0","0","0","0","0","0","0","0","0","0","0","0","0","0","0","0","2","0","0","0","0","0","0","0","0","0","0","0","0","0","0","0","0","0","0","0","0","0","0","0","0","0","0","0","0","0","0","0","0","0","0","0","0","0","0","0","0","0","0","0","0","0","0","0","0","0","0","0","0","0","0"
"2L",3719609,"2L_3719609_SNP","C","T",193,7,999,30,"0","0","0","0","0","0","0","0","0","0","0","0","0","0","0","0","0","0","0","0","0","0","-","0","0","0","0","0","0","0","0","0","0","0","0","0","0","0","0","0","0","0","0","0","0","0","0","0","0","0","0","0","0","0","0","0","0","0","0","0","0","0","0","0","0","0","0","0","0","-","0","0","0","0","0","0","0","0","0","0","0","0","0","0","2","0","0","0","0","0","0","0","0","0","0","-","0","2","0","0","0","0","0","0","0","0","0","0","0","0","0","0","0","0","0","0","0","0","0","0","0","0","0","0","0","2","0","0","0","0","2","0","0","0","0","0","0","0","0","0","0","0","0","0","0","0","0","0","2","0","0","0","0","0","0","0","0","0","0","0","0","0","0","0","0","0","0","0","2","0","0","0","0","0","0","0","0","0","0","0","-","2","0","0","-","0","0","0","0","0","0","0","0","0","0","0","0","0","0","0","0","0","0","0","0"
"2L",3719614,"2L_3719614_SNP","C","G",195,8,999,30,"0","0","0","0","2","0","0","0","0","0","0","0","0","0","0","0","2","0","0","0","0","0","0","0","0","2","0","0","0","0","2","0","0","0","0","0","0","0","0","0","0","0","0","0","0","0","0","-","0","2","2","0","0","0","0","0","0","0","0","0","0","0","0","0","0","0","0","0","0","0","0","0","0","0","0","-","0","0","0","0","0","0","0","0","0","0","0","0","0","0","0","0","0","0","0","0","0","0","0","0","0","0","0","0","0","0","0","0","0","0","0","0","0","0","0","0","0","0","0","0","0","0","0","0","0","0","0","2","0","0","0","0","0","0","0","0","0","0","0","0","0","0","0","0","0","0","0","0","0","0","2","0","0","0","0","0","0","0","0","0","0","0","0","0","0","0","0","0","0","0","0","0","0","0","0","0","0","0","0","0","0","0","0","0","0","0","0","0","0","0","0","0","0","0","0","0","0","0","0","0","0","0","0","0","0"
"2L",3719616,"2L_3719616_SNP","A","G",195,8,999,30,"0","0","0","0","2","0","0","0","0","0","0","0","0","0","0","0","2","0","0","0","0","0","0","0","0","2","0","0","0","0","2","0","0","0","0","0","0","0","0","0","0","0","0","0","0","0","0","-","0","2","2","0","0","0","0","0","0","0","0","0","0","0","0","0","0","0","0","0","0","0","0","0","0","0","0","-","0","0","0","0","0","0","0","0","0","0","0","0","0","0","0","0","0","0","0","0","0","0","0","0","0","0","0","0","0","0","0","0","0","0","0","0","0","0","0","0","0","0","0","0","0","0","0","0","0","0","0","2","0","0","0","0","0","0","0","0","0","0","0","0","0","0","0","0","0","0","0","0","0","0","2","0","0","0","0","0","0","0","0","0","0","0","0","0","0","0","0","0","0","0","0","0","0","0","0","0","0","0","0","0","0","0","0","0","0","0","0","0","0","0","0","0","0","0","0","0","0","0","0","0","0","0","0","0","0"
"2L",3719628,"2L_3719628_SNP","C","A",194,5,999,30,"0","0","0","0","-","0","0","0","0","0","0","0","0","0","0","0","2","0","0","0","0","0","0","0","0","-","0","0","0","0","2","0","0","0","0","0","0","0","0","0","0","0","0","0","0","0","0","-","0","2","2","0","0","0","0","0","0","0","0","0","0","0","0","0","0","0","0","0","0","0","0","0","0","0","0","-","0","0","0","0","0","0","0","0","0","0","0","0","0","0","0","0","0","0","0","0","0","0","0","0","0","0","0","0","0","0","0","0","0","0","-","0","0","0","0","0","0","0","0","0","0","0","0","0","0","0","0","-","0","0","0","0","0","0","0","0","0","0","0","0","0","0","0","0","0","0","0","0","0","0","2","0","0","0","0","0","0","0","0","0","0","0","0","0","0","0","0","0","0","0","0","0","0","0","0","0","0","0","0","0","0","0","0","0","0","0","0","0","0","0","0","0","0","0","0","0","0","0","0","0","0","0","0","0","0"
"2L",3719636,"2L_3719636_INS","A","AAA",194,5,999,29,"0","0","0","0","-","0","0","0","0","0","0","0","0","0","0","0","2","0","0","0","0","0","0","0","0","-","0","0","0","0","2","0","0","0","0","0","0","0","0","0","0","0","0","0","0","0","0","-","0","2","2","0","0","0","0","0","0","0","0","0","0","0","0","0","0","0","0","0","0","0","0","0","0","0","0","-","0","0","0","0","0","0","0","0","0","0","0","0","0","0","0","0","0","0","0","0","0","0","0","0","0","0","0","0","0","0","0","0","0","0","0","0","-","0","0","0","0","0","0","0","0","0","0","0","0","0","0","-","0","0","0","0","0","0","0","0","0","0","0","0","0","0","0","0","0","0","0","0","0","0","2","0","0","0","0","0","0","0","0","0","0","0","0","0","0","0","0","0","0","0","0","0","0","0","0","0","0","0","0","0","0","0","0","0","0","0","0","0","0","0","0","0","0","0","0","0","0","0","0","0","0","0","0","0","0"
"2L",3719662,"2L_3719662_SNP","G","A",203,2,999,30,"0","0","0","0","0","0","0","0","0","0","0","0","0","0","0","0","0","0","0","0","0","0","0","0","0","0","0","0","0","0","0","0","0","0","0","0","0","0","0","0","0","0","0","0","0","0","0","0","0","0","0","0","0","0","0","0","0","0","0","0","0","0","0","0","0","0","0","0","0","0","0","0","0","0","0","0","0","0","0","0","0","0","0","0","0","0","0","0","0","0","0","0","0","0","0","0","0","0","0","0","0","0","0","0","0","0","0","0","0","0","0","0","0","0","0","0","0","0","0","0","0","2","0","0","0","0","0","0","0","0","0","0","0","0","0","0","0","0","0","0","0","0","0","0","0","0","0","0","0","0","0","0","0","0","0","0","0","0","0","2","0","0","0","0","0","0","0","0","0","0","0","0","0","0","0","0","0","0","0","0","0","0","0","0","0","0","0","0","0","0","0","0","0","0","0","0","0","0","0","0","0","0","0","0","0"
"2L",3719678,"2L_3719678_SNP","T","A",186,16,999,31,"0","0","0","0","0","0","0","0","0","0","0","0","0","0","0","0","0","0","0","0","0","0","0","0","0","0","2","0","0","2","0","0","0","0","0","0","0","0","2","0","0","0","0","0","0","0","0","0","0","0","0","0","0","-","0","2","2","0","0","0","2","2","0","0","0","0","0","0","2","0","0","0","0","0","0","0","0","0","0","0","0","0","0","0","0","0","0","2","2","0","0","0","0","0","0","0","0","0","0","0","0","0","2","0","0","2","0","0","0","-","2","0","0","0","0","-","0","0","0","0","0","0","0","0","2","0","0","0","0","0","0","0","0","0","0","0","0","0","0","0","0","0","0","0","0","0","0","0","0","0","0","0","0","0","0","0","0","0","0","0","0","0","0","0","0","2","0","0","0","0","0","0","0","0","0","0","2","0","0","0","0","0","0","0","0","0","0","0","0","0","0","0","0","0","0","0","0","0","0","0","0","0","0","0","0"
"2L",3719679,"2L_3719679_SNP","A","G",186,15,999,31,"0","0","0","0","0","0","0","0","0","0","0","0","0","0","0","0","0","0","0","0","0","0","0","0","0","0","2","0","0","2","0","0","0","0","0","0","0","0","2","0","0","0","0","0","0","0","0","0","0","0","0","0","0","-","0","2","2","0","0","0","2","2","0","0","0","0","0","0","2","0","0","0","0","0","0","0","0","0","0","0","0","0","0","0","0","0","0","2","2","0","0","0","0","0","0","0","0","0","0","0","0","0","2","0","0","2","0","0","0","-","-","0","0","0","0","-","0","0","0","0","0","0","0","0","2","0","0","0","0","0","0","0","0","0","0","0","0","0","0","0","0","0","0","0","0","0","0","0","0","0","0","0","0","0","0","0","0","0","0","0","0","0","0","0","0","2","0","0","0","0","0","0","0","0","0","0","2","0","0","0","0","0","0","0","0","0","0","0","0","0","0","0","0","0","0","0","0","0","0","0","0","0","0","0","0"
"2L",3719717,"2L_3719717_SNP","G","A",66,122,999,30,"2","0","0","2","0","2","2","0","2","2","0","2","2","2","2","2","0","2","-","0","2","0","0","-","2","0","2","2","0","2","0","2","2","0","2","2","2","2","2","2","2","2","2","2","2","0","2","0","0","0","0","0","-","-","0","2","2","2","2","0","2","2","2","2","2","2","0","2","2","2","-","-","0","0","0","0","2","2","2","2","0","0","2","2","0","-","2","2","2","2","2","0","-","2","2","0","2","0","2","0","0","2","2","2","2","2","0","0","2","-","2","0","2","2","0","-","2","0","2","0","-","2","2","2","2","0","-","0","0","2","0","2","-","-","2","0","2","0","2","0","0","2","0","2","-","2","0","0","0","0","0","2","2","2","2","2","2","0","2","2","2","2","0","2","2","2","2","0","0","2","-","2","2","2","2","-","2","2","0","2","0","0","0","2","0","2","2","2","2","2","2","2","2","2","0","2","2","2","0","0","2","2","2","2","2"
"2L",3719723,"2L_3719723_SNP","A","C",204,1,999,30,"0","0","0","0","0","0","0","0","0","0","0","0","0","0","0","0","0","0","0","0","0","0","0","0","0","0","0","0","0","0","0","0","0","0","0","0","0","0","2","0","0","0","0","0","0","0","0","0","0","0","0","0","0","0","0","0","0","0","0","0","0","0","0","0","0","0","0","0","0","0","0","0","0","0","0","0","0","0","0","0","0","0","0","0","0","0","0","0","0","0","0","0","0","0","0","0","0","0","0","0","0","0","0","0","0","0","0","0","0","0","0","0","0","0","0","0","0","0","0","0","0","0","0","0","0","0","0","0","0","0","0","0","0","0","0","0","0","0","0","0","0","0","0","0","0","0","0","0","0","0","0","0","0","0","0","0","0","0","0","0","0","0","0","0","0","0","0","0","0","0","0","0","0","0","0","0","0","0","0","0","0","0","0","0","0","0","0","0","0","0","0","0","0","0","0","0","0","0","0","0","0","0","0","0","0"
"2L",3719725,"2L_3719725_SNP","T","C",204,1,999,30,"0","0","0","0","0","0","0","0","0","0","0","0","0","0","0","0","0","0","0","0","0","0","0","0","0","0","0","0","0","0","0","0","0","0","0","0","0","0","2","0","0","0","0","0","0","0","0","0","0","0","0","0","0","0","0","0","0","0","0","0","0","0","0","0","0","0","0","0","0","0","0","0","0","0","0","0","0","0","0","0","0","0","0","0","0","0","0","0","0","0","0","0","0","0","0","0","0","0","0","0","0","0","0","0","0","0","0","0","0","0","0","0","0","0","0","0","0","0","0","0","0","0","0","0","0","0","0","0","0","0","0","0","0","0","0","0","0","0","0","0","0","0","0","0","0","0","0","0","0","0","0","0","0","0","0","0","0","0","0","0","0","0","0","0","0","0","0","0","0","0","0","0","0","0","0","0","0","0","0","0","0","0","0","0","0","0","0","0","0","0","0","0","0","0","0","0","0","0","0","0","0","0","0","0","0"
"2L",3719729,"2L_3719729_SNP","A","C",65,122,999,30,"2","0","0","2","2","2","2","0","2","2","0","-","2","2","2","2","0","2","-","0","2","0","0","-","2","0","2","2","0","2","0","2","2","0","2","2","2","2","-","2","-","2","2","2","2","0","2","0","0","0","0","0","-","-","0","2","2","2","2","0","2","2","2","2","2","2","0","2","2","2","-","-","0","0","0","0","2","2","2","2","0","0","2","2","0","2","2","2","2","2","2","0","-","2","-","0","2","0","2","0","0","2","2","2","2","2","0","0","2","-","2","0","2","2","0","-","2","0","2","0","-","2","2","2","2","0","-","0","0","2","0","2","2","-","2","0","2","0","2","0","0","2","0","2","2","2","0","0","0","0","0","2","2","2","2","2","2","0","2","2","2","2","0","2","2","2","2","0","0","2","-","2","2","2","2","-","2","2","0","2","0","0","0","2","0","2","2","2","2","2","2","2","2","2","0","2","2","2","0","0","2","2","2","2","2"
"2L",3719764,"2L_3719764_SNP","T","A",150,30,999,27,"0","0","2","0","0","0","0","2","0","0","2","0","0","0","0","0","0","0","-","2","0","0","2","0","0","-","0","0","2","0","0","0","0","0","0","0","0","0","0","0","0","0","0","0","0","0","0","-","2","0","0","2","-","-","2","0","0","0","0","2","0","0","0","0","0","0","2","0","0","0","-","0","2","2","-","-","0","0","0","0","2","0","0","0","0","0","0","0","0","0","0","2","-","-","-","-","0","-","0","-","0","0","0","0","0","0","-","2","0","-","0","0","0","0","2","-","0","-","0","0","0","0","0","0","0","2","0","0","2","0","2","0","0","-","0","0","0","-","0","2","2","0","2","0","0","0","2","-","0","2","0","0","0","0","0","0","0","0","0","0","0","0","-","0","0","0","0","2","0","0","-","0","0","0","0","0","0","0","2","0","0","0","2","0","-","0","0","0","0","0","0","0","0","0","-","0","0","0","2","2","0","0","0","0","0"
