"CHR","POS","WEIR_AND_COCKERHAM_FST","ID","is_highlight","Ann"
"2L",3715558,0.272197,"2L_3715558","no","synonymous_variant"
"2L",3715561,0.265777,"2L_3715561","no","synonymous_variant"
"2L",3715565,0.127749,"2L_3715565","no","missense_variant"
"2L",3715566,0.127749,"2L_3715566","no","missense_variant"
"2L",3715615,0.0712225,"2L_3715615","no","synonymous_variant"
"2L",3715669,0.074948,"2L_3715669","no","synonymous_variant"
"2L",3715681,0.000674819,"2L_3715681","no","missense_variant"
"2L",3715720,0,"2L_3715720","no","synonymous_variant"
"2L",3715753,0.199811,"2L_3715753","no","synonymous_variant"
"2L",3715779,0.0867879,"2L_3715779","no","missense_variant"
"2L",3715783,0.0387121,"2L_3715783","no","synonymous_variant"
"2L",3715819,0.0853398,"2L_3715819","no","synonymous_variant"
"2L",3715861,0.0134331,"2L_3715861","no","synonymous_variant"
"2L",3715876,0,"2L_3715876","no","synonymous_variant"
"2L",3715922,0.124195,"2L_3715922","no","missense_variant"
"2L",3715933,0,"2L_3715933","no","synonymous_variant"
"2L",3716084,0,"2L_3716084","no","synonymous_variant"
"2L",3716089,0.190491,"2L_3716089","no","synonymous_variant"
"2L",3716189,0.124119,"2L_3716189","no","synonymous_variant"
"2L",3716195,0.0164317,"2L_3716195","no","synonymous_variant"
"2L",3716237,0.0176127,"2L_3716237","no","synonymous_variant"
"2L",3716270,0,"2L_3716270","no","synonymous_variant"
"2L",3716324,0.0867928,"2L_3716324","no","upstream_gene_variant"
"2L",3716332,0.0537074,"2L_3716332","no","upstream_gene_variant"
"2L",3716334,0,"2L_3716334","no","upstream_gene_variant"
"2L",3716345,0.0814971,"2L_3716345","no","upstream_gene_variant"
"2L",3716347,0,"2L_3716347","no","upstream_gene_variant"
"2L",3716355,0,"2L_3716355","no","upstream_gene_variant"
"2L",3716356,0.0455807,"2L_3716356","no","upstream_gene_variant"
"2L",3716375,0.0627586,"2L_3716375","no","upstream_gene_variant"
"2L",3716383,0.0460241,"2L_3716383","no","splice_region_variant&intron_variant"
"2L",3716384,0,"2L_3716384","no","splice_region_variant&intron_variant"
"2L",3716397,0.0226333,"2L_3716397","no","synonymous_variant"
"2L",3716402,0,"2L_3716402","no","missense_variant"
"2L",3716421,0,"2L_3716421","no","synonymous_variant"
"2L",3716451,0.312893,"2L_3716451","no","synonymous_variant"
"2L",3716481,0.124195,"2L_3716481","no","synonymous_variant"
"2L",3716510,0.0135704,"2L_3716510","no","3_prime_UTR_variant"
"2L",3716512,0.219318,"2L_3716512","no","3_prime_UTR_variant"
"2L",3716514,0.217211,"2L_3716514","no","3_prime_UTR_variant"
"2L",3716518,0,"2L_3716518","no","3_prime_UTR_variant"
"2L",3716524,0.0697786,"2L_3716524","no","3_prime_UTR_variant"
"2L",3716533,0.0135704,"2L_3716533","no","3_prime_UTR_variant"
"2L",3716546,0,"2L_3716546","no","3_prime_UTR_variant"
"2L",3716605,0.171345,"2L_3716605","no","3_prime_UTR_variant"
"2L",3716631,0,"2L_3716631","no","3_prime_UTR_variant"
"2L",3716658,0.0803063,"2L_3716658","no","3_prime_UTR_variant"
"2L",3716665,0,"2L_3716665","no","3_prime_UTR_variant"
"2L",3716681,0,"2L_3716681","no","3_prime_UTR_variant"
"2L",3716710,0,"2L_3716710","no","3_prime_UTR_variant"
"2L",3716713,0.1201,"2L_3716713","no","3_prime_UTR_variant"
"2L",3716724,0.0277508,"2L_3716724","no","3_prime_UTR_variant"
"2L",3716733,0.0864399,"2L_3716733","no","3_prime_UTR_variant"
"2L",3716747,0.619857,"2L_3716747","no","3_prime_UTR_variant"
"2L",3716748,0.190188,"2L_3716748","no","3_prime_UTR_variant"
"2L",3716749,0,"2L_3716749","no","3_prime_UTR_variant"
"2L",3716769,0,"2L_3716769","no","3_prime_UTR_variant"
"2L",3716776,0.00983816,"2L_3716776","no","3_prime_UTR_variant"
"2L",3716791,0,"2L_3716791","no","3_prime_UTR_variant"
"2L",3716798,0.190391,"2L_3716798","no","3_prime_UTR_variant"
"2L",3716800,0.149522,"2L_3716800","no",NA
"2L",3716809,0.2477,"2L_3716809","no",NA
"2L",3716813,0.119471,"2L_3716813","yes","splice_region_variant"
"2L",3716814,0.0716357,"2L_3716814","yes","upstream_gene_variant"
"2L",3716824,0,"2L_3716824","yes",NA
"2L",3716836,0.15289,"2L_3716836","yes","upstream_gene_variant"
"2L",3716839,0.190569,"2L_3716839","yes",NA
"2L",3716840,0.626808,"2L_3716840","yes","upstream_gene_variant"
"2L",3716843,0.0336378,"2L_3716843","yes",NA
"2L",3716875,0.0135126,"2L_3716875","yes",NA
"2L",3716904,0.0569172,"2L_3716904","yes","missense_variant"
"2L",3716923,0.187189,"2L_3716923","yes",NA
"2L",3716933,0.0502713,"2L_3716933","yes","missense_variant"
"2L",3716934,0,"2L_3716934","yes",NA
"2L",3716938,0.301241,"2L_3716938","yes",NA
"2L",3716945,0.111684,"2L_3716945","yes","missense_variant"
"2L",3716947,0,"2L_3716947","yes",NA
"2L",3716951,0,"2L_3716951","yes",NA
"2L",3716962,0.0309904,"2L_3716962","yes",NA
"2L",3716969,0.526046,"2L_3716969","yes","stop_gained"
"2L",3716981,0.0604706,"2L_3716981","yes",NA
"2L",3716984,0.0089704,"2L_3716984","yes",NA
"2L",3716996,0.187332,"2L_3716996","yes",NA
"2L",3716999,0.160109,"2L_3716999","yes","missense_variant"
"2L",3717016,0,"2L_3717016","yes",NA
"2L",3717017,0.705495,"2L_3717017","yes","missense_variant"
"2L",3717041,0.00389057,"2L_3717041","yes",NA
"2L",3717045,0.705837,"2L_3717045","yes","missense_variant"
"2L",3717048,0,"2L_3717048","yes",NA
"2L",3717081,0.267665,"2L_3717081","yes","Coding Deletion"
"2L",3717097,0.190552,"2L_3717097","yes",NA
"2L",3717101,0,"2L_3717101","yes",NA
"2L",3717102,0.401087,"2L_3717102","yes",NA
"2L",3717105,0.713983,"2L_3717105","yes","synonymous_variant"
"2L",3717125,0.119289,"2L_3717125","yes","stop_gained"
"2L",3717132,0.0135065,"2L_3717132","yes",NA
"2L",3717147,0,"2L_3717147","yes",NA
"2L",3717150,0,"2L_3717150","yes",NA
"2L",3717188,0.0135065,"2L_3717188","yes",NA
"2L",3717189,0,"2L_3717189","yes",NA
"2L",3717204,0.190461,"2L_3717204","yes",NA
"2L",3717205,0.00654337,"2L_3717205","yes",NA
"2L",3717206,0.0194874,"2L_3717206","yes",NA
"2L",3717216,0,"2L_3717216","yes",NA
"2L",3717224,0.0982876,"2L_3717224","yes",NA
"2L",3717233,0,"2L_3717233","yes",NA
"2L",3717235,0,"2L_3717235","yes",NA
"2L",3717248,0.190242,"2L_3717248","yes",NA
"2L",3717257,0.62522,"2L_3717257","yes","missense_variant"
"2L",3717262,0,"2L_3717262","yes",NA
"2L",3717266,0.626599,"2L_3717266","yes","missense_variant"
"2L",3717271,0.614295,"2L_3717271","yes","missense_variant"
"2L",3717273,0.626905,"2L_3717273","yes","synonymous_variant"
"2L",3717288,0,"2L_3717288","yes",NA
"2L",3717291,0,"2L_3717291","yes",NA
"2L",3717294,0,"2L_3717294","yes",NA
"2L",3717295,0,"2L_3717295","yes",NA
"2L",3717301,0.0136342,"2L_3717301","yes",NA
"2L",3717307,0.626919,"2L_3717307","yes","missense_variant"
"2L",3717309,0.563154,"2L_3717309","yes","synonymous_variant"
"2L",3717318,0,"2L_3717318","yes",NA
"2L",3717339,0,"2L_3717339","yes",NA
"2L",3717349,0,"2L_3717349","yes",NA
"2L",3717356,0,"2L_3717356","yes",NA
"2L",3717360,0.204763,"2L_3717360","yes","missense_variant"
"2L",3717373,0,"2L_3717373","yes",NA
"2L",3717374,0.013707,"2L_3717374","yes",NA
"2L",3717377,0,"2L_3717377","yes",NA
"2L",3717394,0,"2L_3717394","yes",NA
"2L",3717402,0.61061,"2L_3717402","yes","missense_variant"
"2L",3717405,0.0150485,"2L_3717405","yes",NA
"2L",3717408,0,"2L_3717408","yes",NA
"2L",3717418,0.622232,"2L_3717418","yes","missense_variant"
"2L",3717422,0,"2L_3717422","yes",NA
"2L",3717427,0,"2L_3717427","yes",NA
"2L",3717455,0.016628,"2L_3717455","yes",NA
"2L",3717461,0,"2L_3717461","yes",NA
"2L",3717463,0.0267273,"2L_3717463","yes","missense_variant"
"2L",3717465,0,"2L_3717465","yes",NA
"2L",3717472,0.013295,"2L_3717472","yes",NA
"2L",3717474,0,"2L_3717474","yes",NA
"2L",3717478,0.113413,"2L_3717478","yes","missense_variant"
"2L",3717487,0.076653,"2L_3717487","yes","stop_gained"
"2L",3717498,0,"2L_3717498","yes",NA
"2L",3717503,0.640436,"2L_3717503","yes","missense_variant"
"2L",3717527,0.0136434,"2L_3717527","yes",NA
"2L",3717530,0.051924,"2L_3717530","yes","missense_variant"
"2L",3717532,0.0136434,"2L_3717532","yes",NA
"2L",3717538,0,"2L_3717538","yes",NA
"2L",3717552,0,"2L_3717552","yes",NA
"2L",3717590,0.0458671,"2L_3717590","yes",NA
"2L",3717597,0.247577,"2L_3717597","yes",NA
"2L",3717611,0.0167552,"2L_3717611","yes","missense_variant"
"2L",3717632,0.0135797,"2L_3717632","yes",NA
"2L",3717637,0.124211,"2L_3717637","yes",NA
"2L",3717663,0.0536235,"2L_3717663","yes",NA
"2L",3717664,0.020225,"2L_3717664","yes",NA
"2L",3717711,0.0430995,"2L_3717711","yes","synonymous_variant"
"2L",3717713,0,"2L_3717713","yes",NA
"2L",3717717,0,"2L_3717717","yes",NA
"2L",3717721,0,"2L_3717721","yes",NA
"2L",3717766,0.0351312,"2L_3717766","yes","upstream_gene_variant"
"2L",3717769,0,"2L_3717769","yes",NA
"2L",3717776,0.0866305,"2L_3717776","yes",NA
"2L",3717777,0.0880231,"2L_3717777","yes","upstream_gene_variant"
"2L",3717785,0.046859,"2L_3717785","yes",NA
"2L",3717786,0.132386,"2L_3717786","yes","upstream_gene_variant"
"2L",3717803,0.143389,"2L_3717803","yes","upstream_gene_variant"
"2L",3717811,0,"2L_3717811","yes",NA
"2L",3717823,0.190486,"2L_3717823","yes",NA
"2L",3717826,0.19027,"2L_3717826","yes",NA
"2L",3717835,0.378523,"2L_3717835","yes","upstream_gene_variant"
"2L",3717853,0,"2L_3717853","yes",NA
"2L",3717856,0.0125295,"2L_3717856","yes",NA
"2L",3717867,0.0853572,"2L_3717867","yes",NA
"2L",3717878,0.0961446,"2L_3717878","yes","21BP"
"2L",3717881,0.603824,"2L_3717881","yes","upstream_gene_variant"
"2L",3717884,0.0900303,"2L_3717884","yes",NA
"2L",3717889,0.108653,"2L_3717889","yes","upstream_gene_variant"
"2L",3717900,0.0854778,"2L_3717900","yes",NA
"2L",3717914,0,"2L_3717914","yes",NA
"2L",3717919,0.14334,"2L_3717919","yes","upstream_gene_variant"
"2L",3717922,0.142404,"2L_3717922","yes","upstream_gene_variant"
"2L",3717930,0.0124487,"2L_3717930","yes",NA
"2L",3717941,0.157868,"2L_3717941","yes","upstream_gene_variant"
"2L",3717956,0.105277,"2L_3717956","yes",NA
"2L",3717972,0.103551,"2L_3717972","yes",NA
"2L",3718011,0.00679136,"2L_3718011","yes",NA
"2L",3718024,0.120762,"2L_3718024","yes","upstream_gene_variant"
"2L",3718025,0,"2L_3718025","yes",NA
"2L",3718028,0.0821437,"2L_3718028","yes","upstream_gene_variant"
"2L",3718030,0.0478148,"2L_3718030","yes","upstream_gene_variant"
"2L",3718038,0.356393,"2L_3718038","yes","upstream_gene_variant"
"2L",3718040,0.409726,"2L_3718040","yes","8BP"
"2L",3718041,0,"2L_3718041","yes",NA
"2L",3718049,0.103288,"2L_3718049","yes","upstream_gene_variant"
"2L",3718071,0,"2L_3718071","no",NA
"2L",3718073,0.047967,"2L_3718073","no","upstream_gene_variant"
"2L",3718101,0.0134331,"2L_3718101","no",NA
"2L",3718134,0.155896,"2L_3718134","no","upstream_gene_variant"
"2L",3718139,0.19057,"2L_3718139","no",NA
"2L",3718140,0.0862376,"2L_3718140","no","7BP"
"2L",3718199,0.0219096,"2L_3718199","no","5_prime_UTR_premature_start_codon_gain_variant"
"2L",3718204,0.19028,"2L_3718204","no","5_prime_UTR_premature_start_codon_gain_variant"
"2L",3718208,0,"2L_3718208","no","5_prime_UTR_variant"
"2L",3718214,0.0126439,"2L_3718214","no","5_prime_UTR_premature_start_codon_gain_variant"
"2L",3718227,0.189966,"2L_3718227","no","5_prime_UTR_variant"
"2L",3718241,0.0127833,"2L_3718241","no","5_prime_UTR_variant"
"2L",3718252,0.167469,"2L_3718252","no","5_prime_UTR_variant"
"2L",3718266,0,"2L_3718266","no","5_prime_UTR_variant"
"2L",3718282,0.080679,"2L_3718282","no","5_prime_UTR_variant"
"2L",3718284,0,"2L_3718284","no","5_prime_UTR_variant"
"2L",3718287,0,"2L_3718287","no","5_prime_UTR_variant"
"2L",3718317,0.135097,"2L_3718317","no","5_prime_UTR_variant"
"2L",3718324,0.0866487,"2L_3718324","no","5_prime_UTR_variant"
"2L",3718337,0,"2L_3718337","no","5_prime_UTR_variant"
"2L",3718340,0.0807831,"2L_3718340","no","5_prime_UTR_variant"
"2L",3718343,0.0134331,"2L_3718343","no","5_prime_UTR_variant"
"2L",3718354,0.126099,"2L_3718354","no","5_prime_UTR_variant"
"2L",3718367,0.0865229,"2L_3718367","no","5_prime_UTR_premature_start_codon_gain_variant"
"2L",3718388,0.166909,"2L_3718388","no","5_prime_UTR_variant"
"2L",3718399,0.0220441,"2L_3718399","no","5_prime_UTR_variant"
"2L",3718402,0,"2L_3718402","no","5_prime_UTR_variant"
"2L",3718409,0.185304,"2L_3718409","no","5_prime_UTR_variant"
"2L",3718419,0.0133779,"2L_3718419","no","5_prime_UTR_variant"
"2L",3718452,0.00813887,"2L_3718452","no","5_prime_UTR_variant"
"2L",3718459,0.0132303,"2L_3718459","no","5_prime_UTR_variant"
"2L",3718472,0,"2L_3718472","no","5_prime_UTR_premature_start_codon_gain_variant"
"2L",3718479,0.0867017,"2L_3718479","no","5_prime_UTR_variant"
"2L",3718497,0.0133781,"2L_3718497","no","upstream_gene_variant"
"2L",3718507,0,"2L_3718507","no","upstream_gene_variant"
"2L",3718519,0.00545,"2L_3718519","no","upstream_gene_variant"
"2L",3718541,0.190439,"2L_3718541","no","upstream_gene_variant"
"2L",3718549,0.0459937,"2L_3718549","no","upstream_gene_variant"
"2L",3718550,0,"2L_3718550","no","upstream_gene_variant"
"2L",3718554,0.216225,"2L_3718554","no","upstream_gene_variant"
"2L",3718566,0.0867038,"2L_3718566","no","upstream_gene_variant"
"2L",3718582,0,"2L_3718582","no","upstream_gene_variant"
"2L",3718593,0,"2L_3718593","no","upstream_gene_variant"
"2L",3718604,0,"2L_3718604","no","upstream_gene_variant"
"2L",3718609,0.130771,"2L_3718609","no","upstream_gene_variant"
"2L",3718615,0.00778618,"2L_3718615","no","upstream_gene_variant"
"2L",3718624,0.110639,"2L_3718624","no","upstream_gene_variant"
"2L",3718626,0.15035,"2L_3718626","no","upstream_gene_variant"
"2L",3718634,0.190415,"2L_3718634","no","upstream_gene_variant"
"2L",3718636,0.0623473,"2L_3718636","no","upstream_gene_variant"
"2L",3718649,0,"2L_3718649","no","upstream_gene_variant"
"2L",3718692,0.00515306,"2L_3718692","no","upstream_gene_variant"
"2L",3718694,0.0133781,"2L_3718694","no","upstream_gene_variant"
"2L",3718704,0.0165538,"2L_3718704","no","upstream_gene_variant"
"2L",3718707,0,"2L_3718707","no","upstream_gene_variant"
"2L",3718750,0.065424,"2L_3718750","no","upstream_gene_variant"
"2L",3718769,0.0177202,"2L_3718769","no","upstream_gene_variant"
"2L",3718781,0.126565,"2L_3718781","no","upstream_gene_variant"
"2L",3718800,0,"2L_3718800","no","upstream_gene_variant"
"2L",3718815,0.19048,"2L_3718815","no","upstream_gene_variant"
"2L",3718818,0,"2L_3718818","no","upstream_gene_variant"
"2L",3718823,0.0115106,"2L_3718823","no","upstream_gene_variant"
"2L",3718831,0,"2L_3718831","no","upstream_gene_variant"
"2L",3718834,0.247969,"2L_3718834","no","upstream_gene_variant"
"2L",3718837,0,"2L_3718837","no","upstream_gene_variant"
"2L",3718845,0.0457871,"2L_3718845","no","upstream_gene_variant"
"2L",3718855,0,"2L_3718855","no","upstream_gene_variant"
"2L",3718859,0.195078,"2L_3718859","no","upstream_gene_variant"
"2L",3718860,0,"2L_3718860","no","upstream_gene_variant"
"2L",3718863,0,"2L_3718863","no","upstream_gene_variant"
"2L",3718864,0.139959,"2L_3718864","no","upstream_gene_variant"
"2L",3718865,0,"2L_3718865","no","upstream_gene_variant"
"2L",3718870,0.190423,"2L_3718870","no","upstream_gene_variant"
"2L",3718887,0,"2L_3718887","no","upstream_gene_variant"
"2L",3718902,0,"2L_3718902","no","upstream_gene_variant"
"2L",3718907,0,"2L_3718907","no","upstream_gene_variant"
"2L",3718908,0,"2L_3718908","no","upstream_gene_variant"
"2L",3718928,0.10168,"2L_3718928","no","upstream_gene_variant"
"2L",3718931,0.272898,"2L_3718931","no","upstream_gene_variant"
"2L",3718934,0.0165425,"2L_3718934","no","upstream_gene_variant"
"2L",3718945,0.016753,"2L_3718945","no","upstream_gene_variant"
"2L",3718950,0,"2L_3718950","no","upstream_gene_variant"
"2L",3718951,0.137508,"2L_3718951","no","upstream_gene_variant"
"2L",3718961,0,"2L_3718961","no","upstream_gene_variant"
"2L",3718969,0.0528916,"2L_3718969","no","upstream_gene_variant"
"2L",3718990,0.151241,"2L_3718990","no","upstream_gene_variant"
"2L",3719027,0.0730818,"2L_3719027","no","upstream_gene_variant"
"2L",3719029,0,"2L_3719029","no","upstream_gene_variant"
"2L",3719041,0.122242,"2L_3719041","no","upstream_gene_variant"
"2L",3719043,0.110422,"2L_3719043","no","upstream_gene_variant"
"2L",3719046,0.0866753,"2L_3719046","no","upstream_gene_variant"
