Genotype,Indel7bp_X3718140,Indel8bp_X3718040,Indel21bp_X3717878,2L_3717487_stop_gained,2L_3717125_stop_gained,2L_3716969_stop_gained,Indel_X3716932
SD135N,Ancestral,Ancestral,Ancestral,Ancestral,Ancestral,Ancestral,Ancestral
SP279N,Ancestral,Derived,Ancestral,Ancestral,Ancestral,Ancestral,Ancestral
SD106N,Derived,Derived,Ancestral,Ancestral,Ancestral,Ancestral,Ancestral
SP267N,Derived,Derived,Ancestral,Ancestral,Ancestral,Ancestral,Ancestral
SP15N,Derived,Derived,Ancestral,Ancestral,Ancestral,Ancestral,Ancestral
SD116N,Ancestral,Derived,Ancestral,Ancestral,Derived,Derived,Ancestral
SD94N,Ancestral,Derived,Ancestral,Ancestral,Ancestral,Derived,Ancestral
SD133N,Ancestral,Derived,Ancestral,Ancestral,Ancestral,Derived,Ancestral
SD51N,Ancestral,Derived,Ancestral,Ancestral,Ancestral,Derived,Ancestral
SD64N,Ancestral,Derived,Ancestral,Ancestral,Ancestral,Derived,Ancestral
SD110N,Ancestral,Derived,Ancestral,Ancestral,Ancestral,Derived,Ancestral
SD63N,Derived,Derived,Ancestral,Ancestral,Ancestral,Derived,Ancestral
SD77N,Ancestral,Derived,Ancestral,Ancestral,Ancestral,NA,Derived
SP347N,Ancestral,Derived,Ancestral,Ancestral,Ancestral,NA,Derived
SD5N,Ancestral,Derived,Ancestral,Ancestral,Ancestral,NA,Derived
SP133N,Ancestral,Derived,Ancestral,Ancestral,Ancestral,NA,Derived
SD105N,NA,NA,NA,NA,NA,NA,NA
SD47N,NA,NA,NA,NA,NA,NA,NA
SD137N,NA,NA,NA,NA,NA,NA,NA
SD107N,NA,NA,NA,NA,NA,NA,NA
SD131N,NA,NA,NA,NA,NA,NA,NA
SP273N,NA,NA,NA,NA,NA,NA,NA
SP213N,NA,NA,NA,NA,NA,NA,NA
SD72N,NA,NA,NA,NA,NA,NA,NA
SD114N,NA,NA,NA,NA,NA,NA,NA
SD71N,NA,NA,NA,NA,NA,NA,NA
SD128N,NA,NA,NA,NA,NA,NA,NA
SD79N,NA,NA,NA,NA,NA,NA,NA
SD20N,NA,NA,NA,NA,NA,NA,NA
SD28N,NA,NA,NA,NA,NA,NA,NA
SD113N,NA,NA,NA,NA,NA,NA,NA
SD49N,NA,NA,NA,NA,NA,NA,NA
SD111N,NA,NA,NA,NA,NA,NA,NA
SD144N,NA,NA,NA,NA,NA,NA,NA
SD109N,NA,NA,NA,NA,NA,NA,NA
SD139N,NA,NA,NA,NA,NA,NA,NA
SP91N,NA,NA,NA,NA,NA,NA,NA
SD130N,NA,NA,NA,NA,NA,NA,NA
SD124N,NA,NA,NA,NA,NA,NA,NA
SD55N,NA,NA,NA,NA,NA,NA,NA
SD42N,NA,NA,NA,NA,NA,NA,NA
SD101N,NA,NA,NA,NA,NA,NA,NA
SP323N,NA,NA,NA,NA,NA,NA,NA
SP249N,NA,NA,NA,NA,NA,NA,NA
SD30N,NA,NA,NA,NA,NA,NA,NA
SP3N,NA,NA,NA,NA,NA,NA,NA
SD21N,NA,NA,NA,NA,NA,NA,NA
SD29N,NA,NA,NA,NA,NA,NA,NA
SD145N,NA,NA,NA,NA,NA,NA,NA
SP19N,NA,NA,NA,NA,NA,NA,NA
SP291N,NA,NA,NA,NA,NA,NA,NA
SP39N,NA,NA,NA,NA,NA,NA,NA
SP89N,NA,NA,NA,NA,NA,NA,NA
SD6N,NA,NA,NA,NA,NA,NA,NA
SP10N,NA,NA,NA,NA,NA,NA,NA
SD14N,NA,NA,NA,NA,NA,NA,NA
SD15N,NA,NA,NA,NA,NA,NA,NA
SP111N,NA,NA,NA,NA,NA,NA,NA
SP161N,NA,NA,NA,NA,NA,NA,NA
SP1N,NA,NA,NA,NA,NA,NA,NA
SP103N,NA,NA,NA,NA,NA,NA,NA
SD1N,NA,NA,NA,NA,NA,NA,NA