Phenotype,Chr2L_3cM,Chr2L_5cM,Chr2L_7cM,Chr2L_10.3cM,Chr2L_17cM,Chr2L_27cM,Chr2L_34cM,Chr2L_54cM,Chr2R_67cM,Chr2R_104cM
,1,1,1,1,1,1,1,1,1,1
1,A,A,H,A,A,A,A,A,H,A
2,H,H,H,H,H,H,H,H,H,A
1,A,A,A,A,A,A,A,A,A,A
2,A,NA,A,A,A,A,A,A,A,A
2,H,H,H,H,H,H,H,A,A,H
2,H,H,H,H,H,H,H,A,A,A
1,A,A,A,A,A,A,A,H,H,H
2,H,H,H,H,H,H,H,A,A,A
1,A,A,A,A,A,A,A,A,NA,H
1,A,A,A,A,H,H,H,H,H,H
2,H,H,H,H,H,H,H,A,A,H
1,A,A,A,A,A,A,A,A,A,A
2,H,H,H,H,H,H,H,A,A,H
2,A,A,A,A,A,A,A,H,H,H
2,NA,H,H,H,H,A,H,A,H,H
1,H,H,H,H,H,H,H,H,H,H
2,H,H,H,H,H,H,H,A,A,A
1,A,NA,A,NA,A,H,NA,H,NA,H
1,A,A,A,A,A,A,A,A,A,A
1,H,H,H,H,H,H,H,H,NA,H
1,A,A,A,A,A,A,A,A,A,H
1,H,H,H,H,H,H,H,A,A,A
1,A,A,A,A,A,A,A,A,A,A
1,A,A,A,A,A,A,A,A,A,A
2,A,A,A,A,A,A,H,A,A,A
2,A,A,A,NA,A,A,NA,A,NA,A
1,H,H,H,H,H,H,A,H,NA,H
1,H,H,H,H,H,A,H,A,A,A
2,A,A,A,A,A,A,NA,A,A,A
1,H,H,H,NA,H,H,H,NA,NA,A
2,A,A,A,A,A,A,A,A,H,H
1,A,A,A,A,A,A,A,H,A,A
2,H,H,H,H,H,H,H,A,H,H
1,A,NA,A,A,A,A,NA,H,A,A
1,A,A,A,A,A,A,A,A,A,H
2,H,H,H,H,H,A,H,H,H,H
1,H,H,H,H,H,H,H,A,H,H
1,A,A,A,A,H,H,H,H,H,H
1,A,A,A,A,A,A,A,A,A,H
1,A,A,A,NA,A,A,A,H,A,A
1,A,A,A,NA,A,A,NA,A,A,H
1,H,H,H,H,H,H,H,A,H,H
1,A,A,A,A,A,A,NA,A,A,A
2,H,H,H,H,H,H,H,H,H,H
1,H,H,H,NA,H,A,H,NA,A,A
1,H,H,H,NA,H,H,H,A,H,H
1,A,A,A,NA,A,A,A,A,H,H
1,H,H,H,NA,H,H,H,NA,A,H
1,H,NA,H,H,H,A,A,H,NA,A
1,A,A,A,A,A,A,A,A,A,H
2,H,H,H,H,H,H,H,H,A,A
1,H,H,H,H,H,H,H,H,H,A
2,H,H,H,H,H,H,H,H,H,H
2,A,A,A,A,A,A,A,H,H,H
1,H,H,H,H,H,H,H,A,A,A
2,H,H,H,H,H,H,H,H,H,H
2,A,A,A,H,H,H,A,H,H,H
1,H,H,H,H,A,A,A,A,NA,A
2,H,H,H,H,H,H,H,H,H,A
1,A,A,A,A,A,A,A,A,A,H
1,A,A,A,A,A,H,A,H,NA,H
1,H,NA,H,NA,NA,A,H,NA,A,A
2,A,A,A,A,A,A,A,A,H,H
1,H,H,H,H,H,H,H,H,H,A
1,A,A,A,A,A,A,A,H,H,A
1,A,A,A,A,A,A,A,H,NA,H
2,H,H,A,A,A,H,A,H,NA,H
2,H,H,H,H,H,H,H,A,A,A
1,A,A,A,A,A,A,A,H,H,H
2,H,NA,H,H,H,H,H,A,A,A
2,H,NA,H,H,A,A,A,A,A,H
2,H,NA,A,H,A,A,A,A,NA,A
2,H,H,H,H,NA,H,H,H,A,A
2,H,H,H,H,H,H,H,H,H,H
2,H,H,H,H,H,H,H,H,H,A
1,A,A,A,A,A,A,A,A,A,A
1,A,NA,A,NA,A,H,A,H,NA,H
1,H,NA,A,A,A,A,A,A,A,A
1,H,NA,H,H,H,H,H,A,H,A
1,H,NA,H,NA,H,H,H,H,H,A
1,A,A,A,A,A,A,A,H,NA,A
1,A,A,A,A,A,A,A,A,A,H
1,A,A,A,A,A,A,A,A,NA,A
2,A,A,A,A,A,H,A,H,NA,H
1,A,A,A,A,A,A,A,H,H,H
1,H,H,H,H,H,H,H,H,H,A
1,A,NA,A,A,A,NA,A,A,H,A
2,H,NA,H,H,H,H,H,H,H,H
2,A,NA,A,A,NA,NA,NA,NA,NA,H
1,A,NA,A,A,A,A,A,A,H,H
1,A,NA,A,A,A,A,A,A,NA,A
1,H,H,H,H,H,A,H,A,A,H
1,H,A,A,A,A,A,A,A,A,A
1,H,H,H,H,H,H,H,A,A,H
1,A,NA,A,A,A,NA,A,A,H,H
1,A,A,A,A,A,A,A,A,A,A
2,H,H,H,H,H,H,H,H,H,A
2,H,H,H,H,H,H,H,H,A,A
1,NA,NA,H,H,NA,A,H,NA,NA,NA
1,NA,H,H,H,H,H,H,A,A,H
1,NA,A,A,A,A,A,A,A,A,H
1,H,A,A,A,A,A,H,H,H,H
1,A,A,A,A,A,A,A,A,H,H
2,H,H,H,H,H,H,H,NA,A,A
1,A,A,A,A,A,A,A,A,A,H
2,A,NA,H,H,H,H,A,A,A,A
1,NA,NA,A,A,A,A,A,H,H,A
2,NA,H,H,H,A,H,A,NA,A,A
1,H,H,H,H,H,H,H,A,H,H
1,A,NA,A,A,A,A,A,A,A,A
1,H,A,H,H,A,H,H,H,H,H
1,A,A,A,A,A,A,H,NA,H,H
2,H,H,H,H,H,H,H,H,H,H
1,H,H,H,H,H,H,H,A,A,A
1,A,A,A,A,A,A,A,H,H,A
1,H,H,H,H,H,H,H,H,H,H
1,A,A,A,A,A,A,A,NA,H,H
2,H,NA,H,H,NA,H,NA,A,NA,A
1,H,A,A,A,A,A,H,H,H,A
1,A,A,A,A,A,A,A,A,A,A
2,A,H,H,H,A,H,A,A,A,A
2,H,H,H,H,H,H,H,H,H,A
1,A,H,A,A,A,H,A,NA,A,A
1,A,A,A,A,A,A,A,A,A,A
1,A,A,A,A,A,A,A,A,A,A
1,H,NA,H,H,H,H,H,A,NA,H
1,A,A,A,A,A,A,A,NA,A,H
1,A,A,A,A,A,A,A,H,H,H
1,H,H,H,H,H,H,H,A,A,A
1,A,A,A,A,A,A,A,A,A,H
1,A,A,A,A,A,A,A,A,H,H
1,A,A,A,A,A,A,A,NA,A,A
1,A,A,A,A,A,A,A,NA,H,A
2,A,A,A,A,A,A,A,NA,NA,H
1,A,H,H,H,H,H,A,A,A,H
1,H,H,H,H,H,H,H,H,NA,H
1,A,NA,A,A,A,A,A,A,NA,H
1,H,NA,H,H,H,H,H,A,NA,H
2,H,H,H,H,NA,H,H,H,NA,A
1,H,H,H,H,H,H,H,A,NA,H
1,H,H,H,H,H,H,H,NA,NA,A
1,H,H,H,H,H,H,H,H,NA,A
1,H,H,H,H,H,H,H,NA,NA,H
1,H,H,H,H,H,H,H,H,NA,A
1,A,A,A,A,A,NA,A,A,A,A
1,H,H,H,H,H,H,H,NA,NA,H
1,A,NA,A,A,NA,A,NA,NA,NA,NA
1,A,A,A,A,A,A,A,A,A,H
1,A,NA,A,A,A,A,A,A,NA,A
2,H,H,H,H,H,H,H,A,NA,H
2,H,H,H,H,H,H,H,NA,H,H
1,A,A,A,A,A,A,A,H,H,H
1,A,NA,A,A,A,A,A,NA,NA,NA
2,H,H,H,H,H,H,H,NA,NA,H
1,A,H,H,A,A,H,A,NA,NA,H
1,A,A,A,A,A,A,A,H,A,A
1,A,A,A,A,A,A,A,A,NA,A
2,H,H,H,H,H,H,H,A,A,A
2,H,H,H,H,H,H,H,NA,NA,H
2,A,A,A,A,A,A,A,H,H,H
1,A,A,A,A,A,A,A,H,H,H
1,H,H,H,H,H,H,H,H,H,H
2,H,H,H,H,H,H,H,NA,H,H
2,A,A,A,A,A,A,A,A,A,A
2,H,H,H,H,H,H,H,A,NA,H
1,H,A,A,A,A,A,H,NA,H,H
2,H,H,H,H,H,H,H,NA,H,H
1,A,A,A,A,A,A,A,NA,NA,A
1,A,A,A,A,A,A,A,A,A,A
2,H,H,H,H,H,H,H,H,H,H
2,H,H,H,H,H,H,H,H,NA,H
1,A,A,A,A,A,A,A,A,NA,A
1,H,H,H,H,H,H,H,NA,NA,H
1,H,H,H,H,H,H,H,H,NA,A
2,H,H,H,H,H,H,H,NA,NA,A
2,H,H,H,H,H,H,H,H,H,A
2,H,H,H,H,H,H,H,H,A,A
1,A,A,A,A,A,A,A,NA,NA,A
1,H,A,A,A,H,A,H,H,H,H
1,H,NA,H,H,H,H,H,NA,NA,A
2,H,H,H,H,H,H,H,NA,H,H
1,A,A,A,A,A,A,A,A,A,A
2,A,H,H,H,A,H,A,NA,NA,H
2,H,H,H,H,H,H,H,H,A,A
1,A,A,A,H,A,A,A,A,NA,H
1,A,A,A,A,A,A,A,NA,NA,NA
2,H,H,H,H,H,H,H,NA,A,A
2,H,A,A,H,H,A,H,H,H,A
1,H,H,H,H,H,H,H,H,H,A
1,H,H,H,H,H,H,H,A,A,H
1,A,A,A,A,A,A,A,H,NA,H
2,A,H,H,H,H,H,A,A,A,H
1,A,H,H,H,A,H,A,A,A,A
1,A,A,A,A,A,A,A,A,A,A
1,A,A,A,A,A,A,A,H,A,A
1,H,H,H,H,H,H,H,A,A,H
2,A,H,H,H,A,H,A,A,A,H
1,A,A,A,A,A,A,A,A,A,H
2,H,H,H,H,H,H,H,H,NA,H
1,A,A,A,A,A,A,A,A,A,H
1,H,NA,H,H,H,H,H,H,NA,H
1,A,H,H,A,A,H,A,A,A,A
1,H,H,H,H,H,H,H,H,H,A
1,A,A,A,A,A,A,A,A,A,A
1,A,NA,A,A,A,H,NA,A,NA,H
1,A,A,A,A,A,A,A,A,A,H
1,H,H,H,H,H,H,H,H,A,A
1,A,A,A,A,A,A,A,A,A,A
1,A,A,A,A,A,A,A,NA,A,A
1,H,H,H,H,H,H,H,A,NA,H
1,H,H,H,H,H,H,H,NA,A,H
1,A,A,A,A,A,A,A,A,H,H
1,H,H,H,H,H,H,H,H,H,A
1,H,H,H,H,H,H,H,H,H,A
1,A,A,A,A,A,A,A,A,A,A
1,A,A,A,A,A,A,A,A,A,A
1,A,A,A,A,A,A,A,A,A,A
1,A,H,H,A,A,H,A,A,A,H
2,H,H,H,H,H,H,H,H,H,H
2,H,A,A,A,H,A,H,H,A,A
2,H,H,H,H,H,H,H,H,H,H
1,A,A,A,A,A,A,A,A,A,A
1,A,A,A,A,A,A,A,H,NA,A
1,A,A,A,A,A,A,A,A,NA,A
1,A,A,A,A,A,A,A,A,A,A
1,A,A,A,A,A,A,A,A,NA,A
2,H,H,H,H,H,H,H,H,H,A
2,H,H,H,H,H,H,H,H,H,A
1,A,A,A,A,A,A,A,A,A,NA
2,H,H,H,H,H,H,H,H,H,H
2,A,A,A,A,A,A,A,A,A,A
2,A,H,H,H,H,H,A,A,A,H
2,H,H,H,H,H,H,H,H,H,A
1,A,H,H,H,A,H,A,A,A,A
1,A,H,H,A,A,H,A,A,A,H
2,A,H,H,H,H,H,NA,A,A,A
1,H,H,H,H,H,H,H,H,H,NA
1,H,H,H,H,H,NA,H,A,A,A
1,A,A,A,A,A,A,A,A,NA,NA
1,A,A,A,A,A,A,A,A,A,A
1,H,H,H,H,H,H,H,H,NA,H
1,A,NA,H,H,A,H,NA,H,NA,NA
2,H,H,H,H,H,H,H,H,A,H
1,A,H,H,H,A,A,A,A,A,H
1,A,A,A,A,A,A,A,A,A,A
1,A,A,A,A,A,A,A,A,H,H
1,A,A,A,A,A,H,H,H,H,H
1,A,A,A,A,A,H,A,A,A,A
1,H,H,H,H,H,H,H,H,A,A
2,H,H,H,H,H,H,H,H,H,H
1,A,A,A,A,A,A,A,H,H,A
1,A,A,A,A,A,H,A,A,A,H
2,H,NA,H,H,NA,H,NA,NA,NA,NA
2,A,H,H,H,A,A,A,A,A,A
1,A,A,A,A,A,H,A,A,A,H
2,H,H,H,H,H,H,H,H,A,A
1,A,A,A,A,A,A,A,A,A,A
1,A,A,A,A,A,A,A,NA,H,H
2,H,A,A,A,H,H,H,H,H,A
1,A,A,A,A,A,A,NA,NA,NA,NA
1,H,H,H,H,H,H,H,H,H,A
1,H,A,A,A,A,H,H,H,H,A
1,A,A,A,A,A,A,NA,A,NA,NA
1,H,NA,H,NA,H,A,NA,NA,NA,NA
1,H,NA,H,H,H,H,H,H,NA,H
2,H,H,H,H,H,H,H,A,A,H
1,A,H,H,H,A,A,A,A,H,H
2,H,H,H,H,H,H,H,H,H,H
1,A,A,A,A,A,A,A,A,A,A
2,H,H,H,H,H,H,H,H,H,H
2,H,H,H,H,H,H,H,H,H,A
2,H,H,H,H,H,H,H,H,H,A
2,H,H,H,H,H,H,H,H,NA,H
2,H,A,A,H,H,H,H,H,NA,H
2,A,H,H,H,A,A,A,A,A,A
1,A,A,A,A,A,A,A,A,A,A
1,A,A,A,A,A,A,NA,A,A,NA
2,A,A,A,A,A,A,H,H,NA,A
1,H,H,H,H,H,H,H,H,H,NA
2,A,NA,NA,H,NA,A,NA,NA,NA,NA
2,H,NA,H,H,NA,H,NA,H,NA,NA
2,H,H,H,H,H,H,H,A,A,A
1,NA,NA,A,A,A,A,NA,NA,NA,NA
1,H,H,H,H,H,H,H,H,H,H
1,A,A,A,A,A,A,A,H,H,H
1,A,A,A,A,A,A,A,A,A,H
1,A,A,A,A,A,A,A,A,A,A
1,H,H,H,H,H,H,NA,H,NA,NA
1,A,A,A,A,A,A,A,H,H,H
1,H,A,A,A,A,A,A,A,A,H
2,H,H,H,H,H,H,H,H,H,H
1,A,H,A,A,A,A,A,A,A,A
2,H,A,H,H,H,H,H,H,H,A
1,A,H,A,A,A,A,A,A,A,A
1,H,H,H,H,H,H,H,A,A,H
1,A,A,A,A,A,A,A,A,A,A
1,A,H,A,A,A,A,A,A,A,A
1,H,H,H,H,H,H,H,H,H,H
2,H,H,H,H,H,H,H,H,H,H
2,H,A,H,H,H,H,H,H,H,H
1,H,H,H,H,H,A,A,A,A,H
1,A,A,A,A,A,A,A,A,A,A
1,A,A,A,A,A,A,A,H,H,H
1,A,H,A,A,A,A,A,A,H,H
1,A,NA,A,A,A,A,NA,A,NA,A
2,H,A,H,H,H,H,NA,H,H,A
1,A,H,A,A,A,A,NA,H,NA,A
1,A,A,A,A,A,A,A,H,A,A
1,A,H,A,A,A,A,A,A,A,A
1,A,H,A,A,A,A,A,A,H,H
1,A,A,A,A,A,A,A,A,A,H
1,A,A,A,A,A,A,A,A,A,H
2,H,NA,H,H,NA,H,NA,NA,NA,A
1,A,H,A,A,H,H,NA,H,H,H
1,A,H,A,A,A,H,H,H,H,H
1,A,H,A,A,A,H,H,H,NA,H
1,H,H,H,H,H,H,H,H,H,A
2,H,A,H,H,H,H,H,H,H,H
1,A,H,A,A,A,A,NA,A,NA,A
1,A,H,A,A,A,A,NA,A,A,A
2,H,H,H,H,H,H,NA,H,H,H
1,H,H,H,H,H,H,NA,A,A,H
2,H,A,H,H,H,H,NA,H,H,H
1,A,A,A,A,A,A,NA,A,A,H
1,H,H,H,H,H,H,NA,A,A,A
1,H,NA,H,A,A,A,A,A,A,A
1,H,A,H,H,A,A,A,A,NA,H
2,H,NA,H,H,H,H,H,H,NA,A
2,H,H,H,H,NA,H,H,H,NA,H
1,H,H,H,H,H,H,NA,NA,NA,A
1,A,A,A,A,A,A,A,A,A,H
1,A,H,A,A,A,A,A,A,H,H
2,H,NA,H,H,H,H,H,H,H,H
2,H,H,H,H,NA,H,H,H,A,A
1,A,A,A,A,A,A,A,H,H,H
1,A,H,A,A,A,A,A,A,A,H
1,A,A,A,A,A,A,A,A,A,A
1,A,A,A,A,A,A,A,A,A,A
1,H,H,H,H,NA,H,H,A,A,H
2,H,H,H,H,H,H,H,H,A,A
1,A,A,A,A,A,A,A,A,A,H
2,H,H,H,A,H,H,H,H,H,H
2,H,H,H,A,H,H,H,H,A,A
1,A,A,A,A,A,A,A,A,A,A
2,H,H,H,NA,H,H,H,H,H,A
1,H,H,H,A,A,A,NA,A,NA,A
1,A,H,H,H,H,H,NA,H,NA,A
1,A,A,A,A,A,H,H,H,H,H
2,H,H,H,H,H,H,H,H,NA,A
2,A,A,A,A,A,A,H,H,H,A
1,A,A,A,A,A,A,A,H,H,A
2,A,H,H,H,H,H,H,H,H,A
2,H,NA,H,NA,NA,H,NA,NA,NA,A
1,A,A,A,A,A,H,H,H,H,H
1,H,H,H,NA,H,H,H,H,H,H
1,A,A,A,A,A,A,A,A,A,A
2,H,H,H,H,H,H,H,H,H,H
1,H,H,A,A,A,A,A,A,A,A
1,A,A,A,A,A,A,A,A,A,A
1,A,A,A,A,A,A,A,A,A,A
2,H,NA,H,H,NA,H,NA,H,NA,H
2,H,H,H,H,H,H,H,H,H,A
2,A,H,H,H,H,H,H,H,A,A
2,H,H,H,H,H,H,H,H,H,H
1,H,H,H,H,H,H,H,H,H,H
1,A,A,A,A,A,A,A,A,A,A
2,H,H,H,H,H,H,H,H,H,A
1,H,H,H,H,H,H,H,H,H,A
1,H,H,H,H,NA,H,NA,A,H,H
2,H,H,H,H,H,H,H,H,A,A
1,A,A,A,A,A,A,A,A,A,H
2,A,A,A,A,A,H,NA,H,A,A
1,H,H,H,H,H,H,H,H,A,A
1,A,H,A,A,A,A,A,A,A,A
2,A,A,A,A,H,H,H,H,H,H
2,H,NA,H,H,H,H,H,H,H,H
2,H,H,H,H,H,H,H,H,H,A
2,H,H,H,H,H,H,H,H,A,A
2,A,A,A,A,H,H,H,H,H,H
2,H,H,H,H,H,H,H,H,H,H
2,H,H,H,H,H,H,NA,H,NA,H
1,H,H,H,H,H,H,H,H,H,H
2,A,A,A,A,A,A,A,A,A,A
2,H,H,H,H,H,H,H,H,H,H
