"Variant","Alternate_allele_GDL","Reference_allele_GDL","Allele_DGN"
"c.*305A>T","0","7","Reference"
"c.*305A>T","49","0","Alternate"
"c.-4032C>T","0","52","Reference"
"c.-4032C>T","4","0","Alternate"
"c.-4054G>T","0","6","Reference"
"c.-4054G>T","49","0","Alternate"
"c.-4058T>C","0","50","Reference"
"c.-4058T>C","6","0","Alternate"
"p.Arg275Ser","0","48","Reference"
"p.Arg275Ser","8","0","Alternate"
"p.Tyr266His","0","37","Reference"
"p.Tyr266His","18","0","Alternate"
"p.Arg262Gly","0","45","Reference"
"p.Arg262Gly","10","0","Alternate"
"p.Gln254*","0","50","Reference"
"p.Gln254*","5","0","Alternate"
"p.Ser244Gly","0","46","Reference"
"p.Ser244Gly","8","0","Alternate"
"p.Cys238Gly","0","49","Reference"
"p.Cys238Gly","6","0","Alternate"
"p.Asp228Glu","0","49","Reference"
"p.Asp228Glu","6","0","Alternate"
"p.Glu208Glu","0","49","Reference"
"p.Glu208Glu","7","0","Alternate"
"p.Glu202*","0","53","Reference"
"p.Glu202*","3","0","Alternate"
"p.Leu158Val","0","50","Reference"
"p.Leu158Val","6","0","Alternate"
"p.Val155Ile","0","50","Reference"
"p.Val155Ile","6","0","Alternate"
"p.Asn153Ile","0","50","Reference"
"p.Asn153Ile","6","0","Alternate"
"p.Ile152Ile","0","50","Reference"
"p.Ile152Ile","6","0","Alternate"
"p.Met141Lys","0","50","Reference"
"p.Met141Lys","6","0","Alternate"
"p.Tyr140Tyr","0","13","Reference"
"p.Tyr140Tyr","43","0","Alternate"
"p.Lys123Asn","0","53","Reference"
"p.Lys123Asn","2","0","Alternate"
"p.Met109Ile","0","50","Reference"
"p.Met109Ile","6","0","Alternate"
"p.Arg104Gln","0","50","Reference"
"p.Arg104Gln","6","0","Alternate"
"p.Lys89Arg","0","56","Reference"
"p.Lys89Arg","0","0","Alternate"
"p.Asp84Val","0","55","Reference"
"p.Asp84Val","1","0","Alternate"
"p.Leu81*","0","56","Reference"
"p.Leu81*","0","0","Alternate"
"p.Val76Ile","0","43","Reference"
"p.Val76Ile","13","0","Alternate"
"p.Thr67Ala","0","7","Reference"
"p.Thr67Ala","49","0","Alternate"
"p.Ser40Pro","0","4","Reference"
"p.Ser40Pro","51","0","Alternate"
"p.Val6Val","0","56","Reference"
"p.Val6Val","0","0","Alternate"
